date,side,entry_time_ny,entry,exit_time_ny,exit,exit_reason,orb_high,orb_low,orb_mid,orb_range_pts,stop,target,risk_pts,gross_pts,net_pts_after_costs,net_usd,cum_usd,R,bars_held
2022-07-13,short,2022-07-13 08:51,1715.8,2022-07-13 10:36,1728.4,sl,1728.4,1704.5,1716.45,23.9,1728.4,1704.5,12.6,-12.6,-12.85,-1285,-1285,-1.02,105
2022-07-21,long,2022-07-21 09:28,1693.6,2022-07-21 09:39,1702.3,tp,1702.3,1683.6,1692.95,18.7,1683.6,1702.3,10.0,8.7,8.45,845,-440,0.845,11
2022-08-10,long,2022-08-10 09:17,1814.1,2022-08-10 14:00,1810.7,time,1824.6,1803.3,1813.95,21.3,1803.3,1824.6,10.8,-3.4,-3.65,-365,-805,-0.338,283
2022-10-13,short,2022-10-13 11:22,1666.2,2022-10-13 14:00,1677.9,time,1683.3,1650.3,1666.8,33.0,1683.3,1650.3,17.1,-11.7,-11.95,-1195,-2000,-0.699,158
2023-01-12,long,2023-01-12 09:45,1888.5,2023-01-12 14:00,1902.3,time,1902.9,1872.4,1887.65,30.5,1872.4,1902.9,16.1,13.8,13.55,1355,-645,0.842,255
2023-02-14,long,2023-02-14 09:10,1870.5,2023-02-14 09:31,1857.4,sl,1881.6,1857.4,1869.5,24.2,1857.4,1881.6,13.1,-13.1,-13.35,-1335,-1980,-1.019,21
2023-04-12,long,2023-04-12 09:11,2033.2,2023-04-12 09:43,2021.6,sl,2043.9,2021.6,2032.75,22.3,2021.6,2043.9,11.6,-11.6,-11.85,-1185,-3165,-1.022,32
2023-05-01,long,2023-05-01 10:00,2006.2,2023-05-01 10:03,1998.1,sl,2014.2,1998.1,2006.15,16.1,1998.1,2014.2,8.1,-8.1,-8.35,-835,-4000,-1.031,3
2023-05-10,long,2023-05-10 09:15,2045.1,2023-05-10 11:09,2032.0,sl,2056.0,2032.0,2044.0,24.0,2032.0,2056.0,13.1,-13.1,-13.35,-1335,-5335,-1.019,114
2023-05-25,short,2023-05-25 09:14,1949.6,2023-05-25 14:00,1944.9,time,1961.5,1939.2,1950.35,22.3,1961.5,1939.2,11.9,4.7,4.45,445,-4890,0.374,286
2023-06-13,long,2023-06-13 08:56,1973.2,2023-06-13 11:24,1959.6,sl,1985.9,1959.6,1972.75,26.3,1959.6,1985.9,13.6,-13.6,-13.85,-1385,-6275,-1.018,148
2023-07-12,long,2023-07-12 08:54,1947.9,2023-07-12 09:29,1955.7,tp,1955.7,1938.7,1947.2,17.0,1938.7,1955.7,9.2,7.8,7.55,755,-5520,0.821,35
2024-01-25,long,2024-01-25 11:46,2014.0,2024-01-25 14:00,2014.3,time,2023.8,2004.0,2013.9,19.8,2004.0,2023.8,10.0,0.3,0.05,5,-5515,0.005,134
2024-03-12,long,2024-03-12 08:56,2177.5,2024-03-12 09:05,2165.8,sl,2187.8,2165.8,2176.8,22.0,2165.8,2187.8,11.7,-11.7,-11.95,-1195,-6710,-1.021,9
2024-05-06,long,2024-05-06 09:02,2331.7,2024-05-06 09:40,2339.2,tp,2339.2,2323.6,2331.4,15.6,2323.6,2339.2,8.1,7.5,7.25,725,-5985,0.895,38
2024-05-15,long,2024-05-15 09:20,2374.5,2024-05-15 09:51,2362.7,sl,2386.4,2362.7,2374.55,23.7,2362.7,2386.4,11.8,-11.8,-12.05,-1205,-7190,-1.021,31
2024-05-20,short,2024-05-20 08:59,2418.4,2024-05-20 10:57,2427.2,sl,2427.2,2411.1,2419.15,16.1,2427.2,2411.1,8.8,-8.8,-9.05,-905,-8095,-1.028,118
2024-06-12,long,2024-06-12 10:10,2340.0,2024-06-12 11:36,2349.7,tp,2349.7,2329.7,2339.7,20.0,2329.7,2349.7,10.3,9.7,9.45,945,-7150,0.917,86
2024-06-13,long,2024-06-13 09:23,2331.8,2024-06-13 11:18,2320.4,sl,2342.4,2320.4,2331.4,22.0,2320.4,2342.4,11.4,-11.4,-11.65,-1165,-8315,-1.022,115
2024-08-05,short,2024-08-05 08:51,2413.6,2024-08-05 09:05,2424.6,sl,2424.6,2403.8,2414.2,20.8,2424.6,2403.8,11.0,-11.0,-11.25,-1125,-9440,-1.023,14
2024-08-06,short,2024-08-06 10:05,2440.2,2024-08-06 10:25,2432.2,tp,2449.9,2432.2,2441.05,17.7,2449.9,2432.2,9.7,8.0,7.75,775,-8665,0.799,20
2024-08-15,short,2024-08-15 11:58,2497.2,2024-08-15 14:00,2493.3,time,2508.0,2486.8,2497.4,21.2,2508.0,2486.8,10.8,3.9,3.65,365,-8300,0.338,122
2024-08-29,short,2024-08-29 09:23,2544.6,2024-08-29 10:01,2554.0,sl,2554.0,2536.5,2545.25,17.5,2554.0,2536.5,9.4,-9.4,-9.65,-965,-9265,-1.027,38
2024-09-11,short,2024-09-11 11:20,2542.0,2024-09-11 14:00,2543.3,time,2553.5,2530.7,2542.1,22.8,2553.5,2530.7,11.5,-1.3,-1.55,-155,-9420,-0.135,160
2024-09-12,long,2024-09-12 09:03,2556.6,2024-09-12 09:09,2564.1,tp,2564.1,2546.5,2555.3,17.6,2546.5,2564.1,10.1,7.5,7.25,725,-8695,0.718,6
2024-09-19,short,2024-09-19 09:11,2606.9,2024-09-19 09:44,2599.0,tp,2616.5,2599.0,2607.75,17.5,2616.5,2599.0,9.6,7.9,7.65,765,-7930,0.797,33
2024-10-07,short,2024-10-07 09:12,2667.6,2024-10-07 10:26,2660.1,tp,2675.5,2660.1,2667.8,15.4,2675.5,2660.1,7.9,7.5,7.25,725,-7205,0.918,74
2024-11-06,short,2024-11-06 10:34,2678.1,2024-11-06 14:00,2674.3,time,2692.0,2666.9,2679.45,25.1,2692.0,2666.9,13.9,3.8,3.55,355,-6850,0.255,206
2025-01-06,short,2025-01-06 09:56,2644.4,2025-01-06 14:00,2645.6,time,2658.6,2630.8,2644.7,27.8,2658.6,2630.8,14.2,-1.2,-1.45,-145,-6995,-0.102,244
2025-01-20,short,2025-01-20 09:12,2736.0,2025-01-20 11:23,2722.8,tp,2750.2,2722.8,2736.5,27.4,2750.2,2722.8,14.2,13.2,12.95,1295,-5700,0.912,131
2025-03-05,short,2025-03-05 09:08,2914.3,2025-03-05 09:40,2925.9,sl,2925.9,2904.8,2915.35,21.1,2925.9,2904.8,11.6,-11.6,-11.85,-1185,-6885,-1.022,32
2025-04-07,long,2025-04-07 09:18,3039.9,2025-04-07 09:35,3030.8,sl,3048.8,3030.8,3039.8,18.0,3030.8,3048.8,9.1,-9.1,-9.35,-935,-7820,-1.027,17
2025-04-10,long,2025-04-10 09:06,3142.9,2025-04-10 09:22,3152.0,tp,3152.0,3133.3,3142.65,18.7,3133.3,3152.0,9.6,9.1,8.85,885,-6935,0.922,16
2025-04-14,short,2025-04-14 10:55,3229.5,2025-04-14 11:39,3216.6,tp,3242.5,3216.6,3229.55,25.9,3242.5,3216.6,13.0,12.9,12.65,1265,-5670,0.973,44
2025-04-22,short,2025-04-22 09:26,3460.1,2025-04-22 09:34,3446.6,tp,3476.6,3446.6,3461.6,30.0,3476.6,3446.6,16.5,13.5,13.25,1325,-4345,0.803,8
2025-04-30,long,2025-04-30 10:35,3305.1,2025-04-30 10:51,3314.4,tp,3314.4,3291.5,3302.95,22.9,3291.5,3314.4,13.6,9.3,9.05,905,-3440,0.665,16
2025-05-06,long,2025-05-06 10:35,3395.3,2025-05-06 11:08,3400.4,tp,3400.4,3382.6,3391.5,17.8,3382.6,3400.4,12.7,5.1,4.85,485,-2955,0.382,33
2025-05-20,long,2025-05-20 09:00,3245.3,2025-05-20 09:06,3236.6,sl,3254.1,3236.6,3245.35,17.5,3236.6,3254.1,8.7,-8.7,-8.95,-895,-3850,-1.029,6
2025-06-04,long,2025-06-04 09:35,3379.3,2025-06-04 10:07,3385.1,tp,3385.1,3368.2,3376.65,16.9,3368.2,3385.1,11.1,5.8,5.55,555,-3295,0.5,32
2025-06-26,short,2025-06-26 13:51,3349.0,2025-06-26 14:00,3346.4,time,3357.8,3341.5,3349.65,16.3,3357.8,3341.5,8.8,2.6,2.35,235,-3060,0.267,9
2025-07-03,short,2025-07-03 09:24,3341.3,2025-07-03 14:00,3339.0,time,3362.4,3321.4,3341.9,41.0,3362.4,3321.4,21.1,2.3,2.05,205,-2855,0.097,276
2025-07-17,short,2025-07-17 09:22,3324.1,2025-07-17 10:19,3333.9,sl,3333.9,3315.7,3324.8,18.2,3333.9,3315.7,9.8,-9.8,-10.05,-1005,-3860,-1.026,57
2025-08-12,long,2025-08-12 08:58,3397.4,2025-08-12 09:45,3406.5,tp,3406.5,3386.6,3396.55,19.9,3386.6,3406.5,10.8,9.1,8.85,885,-2975,0.819,47
2025-09-02,short,2025-09-02 09:05,3546.2,2025-09-02 09:45,3554.4,sl,3554.4,3538.6,3546.5,15.8,3554.4,3538.6,8.2,-8.2,-8.45,-845,-3820,-1.03,40
2025-09-11,short,2025-09-11 08:51,3665.6,2025-09-11 14:00,3673.0,time,3682.0,3651.0,3666.5,31.0,3682.0,3651.0,16.4,-7.4,-7.65,-765,-4585,-0.466,309
2025-09-25,short,2025-09-25 09:24,3775.3,2025-09-25 09:37,3765.2,tp,3787.0,3765.2,3776.1,21.8,3787.0,3765.2,11.7,10.1,9.85,985,-3600,0.842,13
2025-10-14,short,2025-10-14 09:18,4133.4,2025-10-14 09:25,4121.6,tp,4148.6,4121.6,4135.1,27.0,4148.6,4121.6,15.2,11.8,11.55,1155,-2445,0.76,7
2025-10-20,long,2025-10-20 09:32,4328.4,2025-10-20 10:20,4341.4,tp,4341.4,4307.9,4324.65,33.5,4307.9,4341.4,20.5,13.0,12.75,1275,-1170,0.622,48
2025-10-21,short,2025-10-21 09:41,4230.9,2025-10-21 09:43,4217.2,tp,4246.5,4217.2,4231.85,29.3,4246.5,4217.2,15.6,13.7,13.45,1345,175,0.862,2
2025-10-22,short,2025-10-22 08:51,4053.5,2025-10-22 08:55,4042.1,tp,4069.3,4042.1,4055.7,27.2,4069.3,4042.1,15.8,11.4,11.15,1115,1290,0.706,4
2025-10-28,short,2025-10-28 09:42,3931.5,2025-10-28 09:46,3943.5,sl,3943.5,3923.7,3933.6,19.8,3943.5,3923.7,12.0,-12.0,-12.25,-1225,65,-1.021,4
2025-11-17,short,2025-11-17 09:39,4077.3,2025-11-17 10:08,4065.8,tp,4088.7,4065.8,4077.25,22.9,4088.7,4065.8,11.4,11.5,11.25,1125,1190,0.987,29
2025-11-18,long,2025-11-18 10:04,4058.0,2025-11-18 10:31,4069.2,tp,4069.2,4041.4,4055.3,27.8,4041.4,4069.2,16.6,11.2,10.95,1095,2285,0.66,27
2025-11-20,long,2025-11-20 08:59,4081.8,2025-11-20 09:49,4096.2,tp,4096.2,4066.1,4081.15,30.1,4066.1,4096.2,15.7,14.4,14.15,1415,3700,0.901,50
2025-12-16,long,2025-12-16 08:51,4335.0,2025-12-16 08:59,4342.4,tp,4342.4,4324.3,4333.35,18.1,4324.3,4342.4,10.7,7.4,7.15,715,4415,0.668,8
2025-12-17,long,2025-12-17 08:51,4367.8,2025-12-17 08:58,4374.0,tp,4374.0,4358.4,4366.2,15.6,4358.4,4374.0,9.4,6.2,5.95,595,5010,0.633,7
2025-12-18,long,2025-12-18 09:37,4364.0,2025-12-18 09:41,4350.5,sl,4372.7,4350.5,4361.6,22.2,4350.5,4372.7,13.5,-13.5,-13.75,-1375,3635,-1.019,4
2025-12-22,long,2025-12-22 09:36,4453.8,2025-12-22 09:46,4461.7,tp,4461.7,4445.9,4453.8,15.8,4445.9,4461.7,7.9,7.9,7.65,765,4400,0.968,10
2025-12-31,long,2025-12-31 11:06,4344.0,2025-12-31 14:00,4333.7,time,4354.0,4325.2,4339.6,28.8,4325.2,4354.0,18.8,-10.3,-10.55,-1055,3345,-0.561,174
2026-01-13,long,2026-01-13 08:59,4620.1,2026-01-13 09:22,4629.3,tp,4629.3,4608.2,4618.75,21.1,4608.2,4629.3,11.9,9.2,8.95,895,4240,0.752,23
2026-01-15,short,2026-01-15 09:09,4597.0,2026-01-15 09:32,4614.0,sl,4614.0,4584.0,4599.0,30.0,4614.0,4584.0,17.0,-17.0,-17.25,-1725,2515,-1.015,23
2026-01-20,long,2026-01-20 10:26,4729.6,2026-01-20 10:31,4736.6,tp,4736.6,4720.0,4728.3,16.6,4720.0,4736.6,9.6,7.0,6.75,675,3190,0.703,5
2026-01-21,long,2026-01-21 08:51,4875.2,2026-01-21 08:55,4882.1,tp,4882.1,4864.1,4873.1,18.0,4864.1,4882.1,11.1,6.9,6.65,665,3855,0.599,4
2026-01-26,long,2026-01-26 09:06,5066.0,2026-01-26 09:22,5074.3,tp,5074.3,5052.0,5063.15,22.3,5052.0,5074.3,14.0,8.3,8.05,805,4660,0.575,16
2026-01-29,short,2026-01-29 08:51,5505.1,2026-01-29 09:08,5520.8,sl,5520.8,5493.0,5506.9,27.8,5520.8,5493.0,15.7,-15.7,-15.95,-1595,3065,-1.016,14
2026-02-03,long,2026-02-03 10:11,4963.1,2026-02-03 10:21,4942.1,sl,4977.7,4942.1,4959.9,35.6,4942.1,4977.7,21.0,-21.0,-21.25,-2125,940,-1.012,10
2026-02-04,long,2026-02-04 09:14,5070.2,2026-02-04 09:25,5056.0,sl,5082.0,5056.0,5069.0,26.0,5056.0,5082.0,14.2,-14.2,-14.45,-1445,-505,-1.018,11
2026-02-05,short,2026-02-05 08:55,4864.6,2026-02-05 09:01,4842.6,tp,4893.1,4842.6,4867.85,50.5,4893.1,4842.6,28.5,22.0,21.75,2175,1670,0.763,6
2026-02-09,short,2026-02-09 08:57,5027.1,2026-02-09 09:18,5041.6,sl,5041.6,5016.9,5029.25,24.7,5041.6,5016.9,14.5,-14.5,-14.75,-1475,195,-1.017,21
2026-02-10,long,2026-02-10 10:23,5069.2,2026-02-10 10:29,5055.5,sl,5082.4,5055.5,5068.95,26.9,5055.5,5082.4,13.7,-13.7,-13.95,-1395,-1200,-1.018,6
2026-02-12,long,2026-02-12 09:08,5094.9,2026-02-12 09:16,5082.5,sl,5104.5,5082.5,5093.5,22.0,5082.5,5104.5,12.4,-12.4,-12.65,-1265,-2465,-1.02,8
2026-02-17,short,2026-02-17 08:51,4932.5,2026-02-17 08:56,4926.8,tp,4944.7,4926.8,4935.75,17.9,4944.7,4926.8,12.2,5.7,5.45,545,-1920,0.447,5
2026-02-19,long,2026-02-19 09:06,5005.4,2026-02-19 09:34,4990.1,sl,5017.4,4990.1,5003.75,27.3,4990.1,5017.4,15.3,-15.3,-15.55,-1555,-3475,-1.016,28
2026-02-24,short,2026-02-24 10:22,5158.3,2026-02-24 12:17,5177.4,sl,5177.4,5142.1,5159.75,35.3,5177.4,5142.1,19.1,-19.1,-19.35,-1935,-5410,-1.013,115
2026-02-26,short,2026-02-26 08:56,5186.9,2026-02-26 09:00,5180.2,tp,5195.2,5180.2,5187.7,15.0,5195.2,5180.2,8.3,6.7,6.45,645,-4765,0.777,4
2026-03-03,short,2026-03-03 09:00,5166.9,2026-03-03 09:24,5137.2,tp,5197.6,5137.2,5167.4,60.4,5197.6,5137.2,30.7,29.7,29.45,2945,-1820,0.959,24
2026-03-11,short,2026-03-11 10:03,5191.3,2026-03-11 11:15,5175.7,tp,5207.5,5175.7,5191.6,31.8,5207.5,5175.7,16.2,15.6,15.35,1535,-285,0.948,72
2026-03-18,short,2026-03-18 08:54,4892.8,2026-03-18 09:00,4875.7,tp,4911.6,4875.7,4893.65,35.9,4911.6,4875.7,18.8,17.1,16.85,1685,1400,0.896,6
2026-03-19,short,2026-03-19 08:55,4576.3,2026-03-19 09:01,4533.1,tp,4623.5,4533.1,4578.3,90.4,4623.5,4533.1,47.2,43.2,42.95,4295,5695,0.91,6
2026-03-23,long,2026-03-23 09:25,4421.0,2026-03-23 09:53,4465.5,tp,4465.5,4375.5,4420.5,90.0,4375.5,4465.5,45.5,44.5,44.25,4425,10120,0.973,28
2026-03-24,short,2026-03-24 10:06,4387.9,2026-03-24 10:52,4425.4,sl,4425.4,4361.7,4393.55,63.7,4425.4,4361.7,37.5,-37.5,-37.75,-3775,6345,-1.007,46
2026-04-02,short,2026-04-02 08:51,4647.5,2026-04-02 08:56,4638.2,tp,4656.5,4638.2,4647.35,18.3,4656.5,4638.2,9.0,9.3,9.05,905,7250,1.006,5
2026-04-06,long,2026-04-06 09:25,4697.8,2026-04-06 09:56,4707.1,tp,4707.1,4685.6,4696.35,21.5,4685.6,4707.1,12.2,9.3,9.05,905,8155,0.742,31
2026-04-07,short,2026-04-07 08:57,4678.9,2026-04-07 09:34,4672.4,tp,4696.3,4672.4,4684.35,23.9,4696.3,4672.4,17.4,6.5,6.25,625,8780,0.359,37
2026-04-13,long,2026-04-13 10:24,4738.2,2026-04-13 10:44,4744.8,tp,4744.8,4726.1,4735.45,18.7,4726.1,4744.8,12.1,6.6,6.35,635,9415,0.525,20
2026-04-22,short,2026-04-22 09:38,4769.6,2026-04-22 09:46,4779.0,sl,4779.0,4761.1,4770.05,17.9,4779.0,4761.1,9.4,-9.4,-9.65,-965,8450,-1.027,8
2026-04-27,short,2026-04-27 08:51,4719.7,2026-04-27 09:01,4712.0,tp,4728.0,4712.0,4720.0,16.0,4728.0,4712.0,8.3,7.7,7.45,745,9195,0.898,10
2026-04-29,short,2026-04-29 11:46,4570.3,2026-04-29 11:52,4563.0,tp,4580.7,4563.0,4571.85,17.7,4580.7,4563.0,10.4,7.3,7.05,705,9900,0.678,6
2026-05-06,long,2026-05-06 08:51,4690.9,2026-05-06 09:01,4700.5,tp,4700.5,4679.8,4690.15,20.7,4679.8,4700.5,11.1,9.6,9.35,935,10835,0.842,10
2026-05-07,long,2026-05-07 09:01,4752.4,2026-05-07 09:13,4741.7,sl,4762.5,4741.7,4752.1,20.8,4741.7,4762.5,10.7,-10.7,-10.95,-1095,9740,-1.023,12
2026-05-13,short,2026-05-13 08:52,4687.2,2026-05-13 09:23,4700.6,sl,4700.6,4682.0,4691.3,18.6,4700.6,4682.0,13.4,-13.4,-13.65,-1365,8375,-1.019,31
2026-05-18,long,2026-05-18 10:07,4568.7,2026-05-18 10:35,4548.8,sl,4579.4,4548.8,4564.1,30.6,4548.8,4579.4,19.9,-19.9,-20.15,-2015,6360,-1.013,28
2026-05-21,short,2026-05-21 08:51,4510.6,2026-05-21 08:58,4503.3,tp,4519.1,4503.3,4511.2,15.8,4519.1,4503.3,8.5,7.3,7.05,705,7065,0.829,7
2026-05-25,long,2026-05-25 09:20,4563.8,2026-05-25 10:24,4572.0,tp,4572.0,4554.4,4563.2,17.6,4554.4,4572.0,9.4,8.2,7.95,795,7860,0.846,64
2026-05-27,short,2026-05-27 10:14,4448.6,2026-05-27 10:26,4439.9,tp,4463.4,4439.9,4451.65,23.5,4463.4,4439.9,14.8,8.7,8.45,845,8705,0.571,12
2026-06-15,long,2026-06-15 12:54,4358.6,2026-06-15 13:36,4345.6,sl,4368.3,4345.6,4356.95,22.7,4345.6,4368.3,13.0,-13.0,-13.25,-1325,7380,-1.019,42
2026-06-18,short,2026-06-18 09:21,4273.4,2026-06-18 09:30,4288.6,sl,4288.6,4259.7,4274.15,28.9,4288.6,4259.7,15.2,-15.2,-15.45,-1545,5835,-1.016,9
2026-06-24,short,2026-06-24 10:15,4037.2,2026-06-24 11:04,4018.8,tp,4057.6,4018.8,4038.2,38.8,4057.6,4018.8,20.4,18.4,18.15,1815,7650,0.89,49
2026-07-02,long,2026-07-02 12:36,4118.5,2026-07-02 14:00,4119.7,time,4154.2,4074.2,4114.2,80.0,4074.2,4154.2,44.3,1.2,0.95,95,7745,0.021,84
2026-07-06,short,2026-07-06 09:02,4156.5,2026-07-06 10:44,4143.3,tp,4169.8,4143.3,4156.55,26.5,4169.8,4143.3,13.3,13.2,12.95,1295,9040,0.974,102
2026-07-09,long,2026-07-09 08:51,4124.3,2026-07-09 09:15,4132.4,tp,4132.4,4114.8,4123.6,17.6,4114.8,4132.4,9.5,8.1,7.85,785,9825,0.826,24
2026-07-14,long,2026-07-14 12:17,4071.7,2026-07-14 14:00,4069.5,time,4112.5,4029.8,4071.15,82.7,4029.8,4112.5,41.9,-2.2,-2.45,-245,9580,-0.058,103
2026-07-15,long,2026-07-15 13:34,4061.7,2026-07-15 13:46,4073.0,tp,4073.0,4043.5,4058.25,29.5,4043.5,4073.0,18.2,11.3,11.05,1105,10685,0.607,12
2026-07-16,short,2026-07-16 11:27,4017.5,2026-07-16 12:05,4003.3,tp,4034.5,4003.3,4018.9,31.2,4034.5,4003.3,17.0,14.2,13.95,1395,12080,0.821,38
2026-08-04,long,2026-08-04 08:53,4132.1,2026-08-04 09:04,4122.0,sl,4141.5,4122.0,4131.75,19.5,4122.0,4141.5,10.1,-10.1,-10.35,-1035,11045,-1.025,11
2026-08-06,short,2026-08-06 09:39,4320.1,2026-08-06 09:42,4330.1,sl,4330.1,4313.4,4321.75,16.7,4330.1,4313.4,10.0,-10.0,-10.25,-1025,10020,-1.025,3
2026-08-12,long,2026-08-12 09:41,4469.5,2026-08-12 10:21,4498.0,tp,4498.0,4440.0,4469.0,58.0,4440.0,4498.0,29.5,28.5,28.25,2825,12845,0.958,40
2026-08-17,short,2026-08-17 09:02,4442.5,2026-08-17 09:51,4455.4,sl,4455.4,4433.4,4444.4,22.0,4455.4,4433.4,12.9,-12.9,-13.15,-1315,11530,-1.019,49
2026-08-24,long,2026-08-24 09:46,4721.7,2026-08-24 09:46,4726.9,tp,4726.9,4702.0,4714.45,24.9,4702.0,4726.9,19.7,5.2,4.95,495,12025,0.251,0
2026-08-27,short,2026-08-27 09:28,4645.2,2026-08-27 09:32,4636.5,tp,4654.1,4636.5,4645.3,17.6,4654.1,4636.5,8.9,8.7,8.45,845,12870,0.949,4
2026-09-01,short,2026-09-01 08:51,4410.9,2026-09-01 09:00,4400.4,tp,4424.9,4400.4,4412.65,24.5,4424.9,4400.4,14.0,10.5,10.25,1025,13895,0.732,9
2026-09-02,long,2026-09-02 09:01,4383.0,2026-09-02 09:11,4391.4,tp,4391.4,4374.4,4382.9,17.0,4374.4,4391.4,8.6,8.4,8.15,815,14710,0.948,10
2026-09-03,long,2026-09-03 09:51,4506.5,2026-09-03 10:57,4527.4,tp,4527.4,4484.1,4505.75,43.3,4484.1,4527.4,22.4,20.9,20.65,2065,16775,0.922,66
2026-09-14,short,2026-09-14 09:53,4318.2,2026-09-14 09:54,4313.0,tp,4330.6,4313.0,4321.8,17.6,4330.6,4313.0,12.4,5.2,4.95,495,17270,0.399,1
2026-09-15,long,2026-09-15 10:32,4322.8,2026-09-15 11:50,4331.1,tp,4331.1,4311.0,4321.05,20.1,4311.0,4331.1,11.8,8.3,8.05,805,18075,0.682,78
2026-09-21,short,2026-09-21 08:53,4397.1,2026-09-21 09:26,4405.7,sl,4405.7,4388.7,4397.2,17.0,4405.7,4388.7,8.6,-8.6,-8.85,-885,17190,-1.029,33
2026-09-22,long,2026-09-22 08:51,4372.2,2026-09-22 09:45,4381.4,tp,4381.4,4362.1,4371.75,19.3,4362.1,4381.4,10.1,9.2,8.95,895,18085,0.886,54
