ts,exit_ts,side,entry,tp,sl,exit,why,gross_pts,net_pts,risk,R,bars,orb_rng,sig_close
2022-07-07 13:25:00,2022-07-07 13:40:00,-1,1740.0,1737.3,1744.6,1744.6,sl,-4.599999999999909,-4.849999999999909,4.599999999999909,-1.0543478260869577,3,7.2999999999999545,1740.1
2022-07-12 13:05:00,2022-07-12 13:10:00,-1,1730.7,1729.1,1734.5,1729.1,tp,1.6000000000001364,1.3500000000001364,3.7999999999999545,0.35526315789477697,1,5.400000000000091,1730.6
2022-07-13 12:55:00,2022-07-13 14:35:00,-1,1709.8,1704.5,1728.4,1728.4,sl,-18.600000000000136,-18.850000000000136,18.600000000000136,-1.0134408602150538,20,23.90000000000009,1709.8
2022-07-14 16:05:00,2022-07-14 16:20:00,-1,1708.3,1704.9,1712.6,1704.9,tp,3.3999999999998636,3.1499999999998636,4.2999999999999545,0.7325581395348597,3,7.699999999999818,1708.3
2022-07-19 13:05:00,2022-07-19 13:30:00,-1,1707.6,1706.3,1710.2,1710.2,sl,-2.6000000000001364,-2.8500000000001364,2.6000000000001364,-1.0961538461538411,5,3.900000000000091,1707.6
2022-07-21 13:30:00,2022-07-21 13:35:00,1,1696.9,1702.3,1683.6,1702.3,tp,5.399999999999864,5.149999999999864,13.300000000000182,0.3872180451127664,1,18.700000000000045,1696.9
2022-07-27 16:20:00,2022-07-27 18:00:00,-1,1718.1,1716.4,1721.6,1719.5,time,-1.400000000000091,-1.650000000000091,3.5,-0.4714285714285974,20,5.199999999999818,1718.1
2022-07-28 13:15:00,2022-07-28 13:20:00,1,1743.0,1747.4,1733.6,1747.4,tp,4.400000000000091,4.150000000000091,9.400000000000091,0.44148936170213304,1,13.800000000000182,1742.7
2022-08-02 13:10:00,2022-08-02 13:20:00,1,1801.8,1805.0,1794.6,1794.6,sl,-7.2000000000000455,-7.4500000000000455,7.2000000000000455,-1.034722222222222,2,10.400000000000091,1801.8
2022-08-03 13:20:00,2022-08-03 13:40:00,1,1786.0,1788.4,1781.6,1781.6,sl,-4.400000000000091,-4.650000000000091,4.400000000000091,-1.0568181818181805,4,6.800000000000182,1785.9
2022-08-09 15:05:00,2022-08-09 15:40:00,1,1808.8,1810.4,1804.9,1810.4,tp,1.6000000000001364,1.3500000000001364,3.8999999999998636,0.3461538461538932,7,5.5,1808.8
2022-08-10 13:20:00,2022-08-10 18:00:00,1,1815.1,1824.6,1803.3,1810.7,time,-4.399999999999864,-4.649999999999864,11.799999999999955,-0.39406779661015945,56,21.299999999999955,1815.1
2022-08-11 12:55:00,2022-08-11 13:20:00,1,1812.9,1814.7,1808.1,1808.1,sl,-4.800000000000182,-5.050000000000182,4.800000000000182,-1.0520833333333313,5,6.600000000000136,1812.7
2022-08-15 13:00:00,2022-08-15 18:00:00,-1,1795.0,1790.2,1802.3,1795.4,time,-0.40000000000009095,-0.650000000000091,7.2999999999999545,-0.08904109589042397,60,12.099999999999909,1794.9
2022-08-16 15:55:00,2022-08-16 18:00:00,-1,1788.7,1785.4,1793.0,1791.0,time,-2.2999999999999545,-2.5499999999999545,4.2999999999999545,-0.5930232558139492,25,7.599999999999909,1788.8
2022-08-22 12:55:00,2022-08-22 13:05:00,-1,1742.3,1740.2,1744.6,1744.6,sl,-2.2999999999999545,-2.5499999999999545,2.2999999999999545,-1.1086956521739153,2,4.399999999999864,1742.3
2022-08-30 13:40:00,2022-08-30 13:45:00,-1,1742.6,1740.9,1745.3,1740.9,tp,1.699999999999818,1.449999999999818,2.7000000000000455,0.5370370370369606,1,4.399999999999864,1742.6
2022-08-31 13:05:00,2022-08-31 13:40:00,-1,1722.5,1721.0,1725.2,1725.2,sl,-2.7000000000000455,-2.9500000000000455,2.7000000000000455,-1.092592592592591,7,4.2000000000000455,1722.5
2022-09-07 13:40:00,2022-09-07 13:55:00,-1,1712.1,1709.7,1715.0,1715.0,sl,-2.900000000000091,-3.150000000000091,2.900000000000091,-1.0862068965517215,3,5.2999999999999545,1712.0
2022-09-14 14:05:00,2022-09-14 14:50:00,1,1712.6,1715.8,1709.3,1715.8,tp,3.2000000000000455,2.9500000000000455,3.2999999999999545,0.89393939393942,9,6.5,1712.6
2022-09-15 13:50:00,2022-09-15 14:45:00,1,1697.0,1701.4,1690.0,1690.0,sl,-7.0,-7.25,7.0,-1.0357142857142858,11,11.400000000000091,1697.0
2022-09-21 13:25:00,2022-09-21 13:30:00,1,1682.9,1684.7,1680.9,1680.9,sl,-2.0,-2.25,2.0,-1.125,1,3.7999999999999545,1682.9
2022-09-22 13:35:00,2022-09-22 14:00:00,1,1687.2,1693.5,1680.0,1680.0,sl,-7.2000000000000455,-7.4500000000000455,7.2000000000000455,-1.034722222222222,5,13.5,1687.2
2022-09-26 15:15:00,2022-09-26 15:25:00,1,1652.0,1653.5,1647.1,1647.1,sl,-4.900000000000091,-5.150000000000091,4.900000000000091,-1.0510204081632644,2,6.400000000000091,1652.0
2022-10-10 13:10:00,2022-10-10 13:15:00,-1,1683.4,1682.2,1686.6,1682.2,tp,1.2000000000000455,0.9500000000000455,3.199999999999818,0.2968750000000311,1,4.399999999999864,1683.4
2022-10-12 13:20:00,2022-10-12 13:35:00,1,1676.6,1678.8,1671.4,1678.8,tp,2.2000000000000455,1.9500000000000455,5.199999999999818,0.37500000000002187,3,7.399999999999864,1676.7
2022-10-13 15:25:00,2022-10-13 18:00:00,-1,1665.3,1650.3,1683.3,1677.9,time,-12.600000000000136,-12.850000000000136,18.0,-0.7138888888888965,31,33.0,1665.3
2022-10-17 14:15:00,2022-10-17 16:50:00,1,1670.3,1673.7,1664.6,1664.6,sl,-5.7000000000000455,-5.9500000000000455,5.7000000000000455,-1.0438596491228067,31,9.100000000000136,1670.2
2022-10-18 13:05:00,2022-10-18 13:05:00,1,1661.1,1662.6,1659.5,1659.5,sl,-1.599999999999909,-1.849999999999909,1.599999999999909,-1.1562500000000089,0,3.099999999999909,1661.2
2022-10-24 12:55:00,2022-10-24 13:25:00,-1,1653.5,1651.1,1656.0,1651.1,tp,2.400000000000091,2.150000000000091,2.5,0.8600000000000364,6,4.900000000000091,1653.4
2022-10-26 13:15:00,2022-10-26 13:20:00,-1,1668.2,1665.8,1672.3,1665.8,tp,2.400000000000091,2.150000000000091,4.099999999999909,0.5243902439024728,1,6.5,1668.2
2022-10-27 13:05:00,2022-10-27 14:10:00,-1,1662.2,1658.5,1669.0,1669.0,sl,-6.7999999999999545,-7.0499999999999545,6.7999999999999545,-1.0367647058823533,13,10.5,1662.3
2022-10-31 12:55:00,2022-10-31 13:15:00,-1,1640.2,1638.7,1643.6,1638.7,tp,1.5,1.25,3.3999999999998636,0.36764705882354415,4,4.899999999999864,1640.4
2022-11-02 12:55:00,2022-11-02 13:35:00,1,1659.8,1661.9,1657.2,1657.2,sl,-2.599999999999909,-2.849999999999909,2.599999999999909,-1.0961538461538496,8,4.7000000000000455,1659.8
2022-11-03 12:55:00,2022-11-03 12:55:00,-1,1621.9,1620.6,1625.6,1620.6,tp,1.300000000000182,1.050000000000182,3.699999999999818,0.2837837837838469,0,5.0,1622.0
2022-11-07 15:30:00,2022-11-07 15:50:00,1,1679.8,1681.4,1676.5,1681.4,tp,1.6000000000001364,1.3500000000001364,3.2999999999999545,0.4090909090909561,4,4.900000000000091,1679.7
2022-11-16 13:55:00,2022-11-16 14:35:00,-1,1781.0,1777.2,1784.8,1777.2,tp,3.7999999999999545,3.5499999999999545,3.7999999999999545,0.9342105263157887,8,7.599999999999909,1780.9
2022-11-17 15:25:00,2022-11-17 16:30:00,-1,1763.4,1759.2,1768.7,1759.2,tp,4.2000000000000455,3.9500000000000455,5.2999999999999545,0.7452830188679395,13,9.5,1763.4
2022-11-22 14:45:00,2022-11-22 14:45:00,-1,1745.9,1744.8,1747.7,1747.7,sl,-1.7999999999999545,-2.0499999999999545,1.7999999999999545,-1.1388888888888924,0,2.900000000000091,1745.8
2022-12-07 14:15:00,2022-12-07 14:20:00,1,1789.3,1791.1,1786.5,1791.1,tp,1.7999999999999545,1.5499999999999545,2.7999999999999545,0.5535714285714213,1,4.599999999999909,1789.4
2022-12-14 14:00:00,2022-12-14 14:00:00,1,1819.9,1821.0,1818.6,1821.0,tp,1.099999999999909,0.849999999999909,1.300000000000182,0.6538461538459924,0,2.400000000000091,1820.0
2022-12-15 13:55:00,2022-12-15 14:10:00,-1,1786.3,1783.0,1791.6,1791.6,sl,-5.2999999999999545,-5.5499999999999545,5.2999999999999545,-1.047169811320755,3,8.599999999999909,1786.3
2022-12-27 13:55:00,2022-12-27 14:00:00,1,1815.7,1817.5,1814.0,1814.0,sl,-1.7000000000000455,-1.9500000000000455,1.7000000000000455,-1.147058823529408,1,3.5,1815.8
2022-12-28 14:15:00,2022-12-28 14:35:00,-1,1812.8,1811.0,1815.0,1815.0,sl,-2.2000000000000455,-2.4500000000000455,2.2000000000000455,-1.1136363636363613,4,4.0,1812.8
2022-12-29 14:00:00,2022-12-29 14:00:00,1,1817.1,1818.9,1812.6,1818.9,tp,1.800000000000182,1.550000000000182,4.5,0.34444444444448485,0,6.300000000000182,1817.0
2023-01-03 13:55:00,2023-01-03 14:05:00,1,1845.5,1846.7,1842.8,1842.8,sl,-2.7000000000000455,-2.9500000000000455,2.7000000000000455,-1.092592592592591,2,3.900000000000091,1845.6
2023-01-04 14:05:00,2023-01-04 15:00:00,1,1864.9,1868.5,1858.9,1858.9,sl,-6.0,-6.25,6.0,-1.0416666666666667,11,9.599999999999909,1864.9
2023-01-09 14:25:00,2023-01-09 14:30:00,1,1881.0,1882.6,1879.1,1879.1,sl,-1.900000000000091,-2.150000000000091,1.900000000000091,-1.1315789473684148,1,3.5,1881.0
2023-01-10 18:20:00,2023-01-10 18:35:00,-1,1876.3,1875.4,1878.8,1878.8,sl,-2.5,-2.75,2.5,-1.1,3,3.3999999999998636,1876.4
2023-01-12 14:45:00,2023-01-12 19:00:00,1,1888.5,1902.9,1872.4,1902.3,time,13.799999999999955,13.549999999999955,16.09999999999991,0.8416149068323001,51,30.5,1888.5
2023-01-17 16:00:00,2023-01-17 17:25:00,1,1913.8,1917.2,1910.1,1910.1,sl,-3.7000000000000455,-3.9500000000000455,3.7000000000000455,-1.0675675675675667,17,7.100000000000136,1913.8
2023-01-18 13:55:00,2023-01-18 15:10:00,1,1925.6,1929.8,1918.6,1918.6,sl,-7.0,-7.25,7.0,-1.0357142857142858,15,11.200000000000045,1925.5
2023-01-19 13:55:00,2023-01-19 13:55:00,1,1912.5,1914.8,1909.0,1914.8,tp,2.2999999999999545,2.0499999999999545,3.5,0.5857142857142728,0,5.7999999999999545,1912.3
2023-01-23 14:05:00,2023-01-23 14:05:00,-1,1922.2,1919.8,1929.2,1919.8,tp,2.400000000000091,2.150000000000091,7.0,0.30714285714287015,0,9.400000000000091,1922.1
2023-01-24 15:50:00,2023-01-24 16:05:00,-1,1935.6,1933.6,1938.3,1933.6,tp,2.0,1.75,2.7000000000000455,0.6481481481481373,3,4.7000000000000455,1935.7
2023-01-25 14:10:00,2023-01-25 14:20:00,-1,1926.1,1924.3,1928.5,1928.5,sl,-2.400000000000091,-2.650000000000091,2.400000000000091,-1.1041666666666627,2,4.2000000000000455,1926.1
2023-01-30 14:35:00,2023-01-30 14:50:00,1,1927.8,1929.9,1924.5,1924.5,sl,-3.2999999999999545,-3.5499999999999545,3.2999999999999545,-1.0757575757575768,3,5.400000000000091,1928.4
2023-02-01 13:55:00,2023-02-01 15:00:00,1,1945.5,1949.0,1941.6,1941.6,sl,-3.900000000000091,-4.150000000000091,3.900000000000091,-1.0641025641025625,13,7.400000000000091,1945.4
2023-02-09 14:45:00,2023-02-09 14:55:00,1,1894.4,1896.8,1891.2,1891.2,sl,-3.2000000000000455,-3.4500000000000455,3.2000000000000455,-1.078124999999999,2,5.599999999999909,1894.3
2023-02-13 14:10:00,2023-02-13 14:30:00,-1,1867.9,1866.2,1870.8,1866.2,tp,1.7000000000000455,1.4500000000000455,2.8999999999998636,0.5000000000000392,4,4.599999999999909,1868.0
2023-02-14 14:10:00,2023-02-14 14:30:00,1,1870.5,1881.6,1857.4,1857.4,sl,-13.099999999999909,-13.349999999999909,13.099999999999909,-1.019083969465649,4,24.199999999999818,1870.6
2023-02-16 14:30:00,2023-02-16 16:30:00,-1,1840.8,1836.6,1848.0,1848.0,sl,-7.2000000000000455,-7.4500000000000455,7.2000000000000455,-1.034722222222222,24,11.400000000000091,1840.7
2023-02-20 14:05:00,2023-02-20 14:15:00,1,1854.3,1855.7,1852.8,1855.7,tp,1.400000000000091,1.150000000000091,1.5,0.7666666666667273,2,2.900000000000091,1854.3
2023-02-21 14:55:00,2023-02-21 15:00:00,1,1844.6,1845.9,1842.1,1845.9,tp,1.300000000000182,1.050000000000182,2.5,0.42000000000007276,1,3.800000000000182,1844.6
2023-02-27 16:35:00,2023-02-27 16:40:00,1,1819.8,1821.9,1817.2,1821.9,tp,2.1000000000001364,1.8500000000001364,2.599999999999909,0.711538461538539,1,4.7000000000000455,1819.9
2023-03-01 13:55:00,2023-03-01 14:00:00,1,1843.5,1845.1,1840.6,1845.1,tp,1.599999999999909,1.349999999999909,2.900000000000091,0.46551724137926437,1,4.5,1843.6
2023-03-02 17:20:00,2023-03-02 17:20:00,-1,1838.7,1836.8,1840.9,1840.9,sl,-2.2000000000000455,-2.4500000000000455,2.2000000000000455,-1.1136363636363613,0,4.100000000000136,1838.8
2023-03-06 13:55:00,2023-03-06 14:20:00,-1,1857.1,1855.8,1859.1,1859.1,sl,-2.0,-2.25,2.0,-1.125,5,3.2999999999999545,1857.1
2023-03-07 13:55:00,2023-03-07 14:00:00,-1,1839.4,1838.0,1843.3,1838.0,tp,1.400000000000091,1.150000000000091,3.8999999999998636,0.2948717948718285,1,5.2999999999999545,1839.4
2023-03-08 14:25:00,2023-03-08 14:30:00,-1,1817.8,1816.4,1819.6,1819.6,sl,-1.7999999999999545,-2.0499999999999545,1.7999999999999545,-1.1388888888888924,1,3.199999999999818,1817.8
2023-03-13 13:10:00,2023-03-13 13:15:00,1,1902.0,1906.1,1894.6,1906.1,tp,4.099999999999909,3.849999999999909,7.400000000000091,0.5202702702702516,1,11.5,1901.9
2023-03-14 13:10:00,2023-03-14 13:40:00,1,1910.7,1917.1,1903.1,1903.1,sl,-7.600000000000136,-7.850000000000136,7.600000000000136,-1.0328947368421046,6,14.0,1910.6
2023-03-15 13:50:00,2023-03-15 13:55:00,1,1928.2,1931.2,1924.1,1931.2,tp,3.0,2.75,4.100000000000136,0.6707317073170509,1,7.100000000000136,1928.1
2023-03-16 13:00:00,2023-03-16 13:20:00,1,1934.9,1936.3,1928.8,1936.3,tp,1.3999999999998636,1.1499999999998636,6.100000000000136,0.18852459016390785,4,7.5,1934.9
2023-03-20 13:25:00,2023-03-20 14:00:00,-1,1984.7,1978.8,1991.1,1978.8,tp,5.900000000000091,5.650000000000091,6.399999999999864,0.8828125000000331,7,12.299999999999955,1984.6
2023-03-21 13:00:00,2023-03-21 13:05:00,-1,1967.4,1964.7,1970.6,1964.7,tp,2.7000000000000455,2.4500000000000455,3.199999999999818,0.7656250000000577,1,5.899999999999864,1967.5
2023-03-22 13:10:00,2023-03-22 13:30:00,-1,1943.0,1941.0,1946.1,1946.1,sl,-3.099999999999909,-3.349999999999909,3.099999999999909,-1.080645161290325,4,5.099999999999909,1943.0
2023-03-27 17:35:00,2023-03-27 18:00:00,-1,1952.3,1946.4,1959.9,1954.0,time,-1.7000000000000455,-1.9500000000000455,7.600000000000136,-0.2565789473684224,5,13.5,1952.4
2023-03-28 13:40:00,2023-03-28 14:15:00,1,1966.2,1968.6,1960.9,1960.9,sl,-5.2999999999999545,-5.5499999999999545,5.2999999999999545,-1.047169811320755,7,7.699999999999818,1966.3
2023-03-29 13:40:00,2023-03-29 13:50:00,-1,1966.1,1963.8,1969.0,1969.0,sl,-2.900000000000091,-3.150000000000091,2.900000000000091,-1.0862068965517215,2,5.2000000000000455,1966.1
2023-04-03 13:05:00,2023-04-03 13:30:00,1,1995.3,1997.3,1992.9,1992.9,sl,-2.3999999999998636,-2.6499999999998636,2.3999999999998636,-1.1041666666666725,5,4.399999999999864,1995.4
2023-04-05 13:20:00,2023-04-05 13:25:00,1,2046.3,2048.9,2043.5,2043.5,sl,-2.7999999999999545,-3.0499999999999545,2.7999999999999545,-1.0892857142857157,1,5.400000000000091,2046.4
2023-04-11 13:35:00,2023-04-11 13:35:00,-1,2015.5,2013.9,2018.0,2013.9,tp,1.599999999999909,1.349999999999909,2.5,0.5399999999999636,0,4.099999999999909,2015.5
2023-04-12 13:15:00,2023-04-12 13:40:00,1,2035.9,2043.9,2021.6,2021.6,sl,-14.300000000000182,-14.550000000000182,14.300000000000182,-1.0174825174825173,5,22.300000000000182,2035.8
2023-04-20 13:05:00,2023-04-20 14:05:00,1,2016.4,2023.3,2008.8,2023.3,tp,6.899999999999864,6.649999999999864,7.600000000000136,0.8749999999999664,12,14.5,2016.3
2023-04-24 13:15:00,2023-04-24 13:15:00,1,1993.7,1995.3,1991.8,1991.8,sl,-1.900000000000091,-2.150000000000091,1.900000000000091,-1.1315789473684148,0,3.5,1993.6
2023-04-25 13:35:00,2023-04-25 17:25:00,1,1998.0,2004.8,1989.9,2004.8,tp,6.7999999999999545,6.5499999999999545,8.099999999999909,0.8086419753086455,46,14.899999999999864,1998.1
2023-04-26 12:55:00,2023-04-26 13:00:00,-1,2006.9,2003.9,2010.6,2010.6,sl,-3.699999999999818,-3.949999999999818,3.699999999999818,-1.0675675675675709,1,6.699999999999818,2006.9
2023-05-01 14:00:00,2023-05-01 14:00:00,1,2006.2,2014.2,1998.1,1998.1,sl,-8.100000000000136,-8.350000000000136,8.100000000000136,-1.0308641975308637,0,16.100000000000136,2006.2
2023-05-04 12:55:00,2023-05-04 13:20:00,-1,2045.3,2041.8,2051.0,2041.8,tp,3.5,3.25,5.7000000000000455,0.5701754385964867,5,9.200000000000045,2045.2
2023-05-08 14:00:00,2023-05-08 15:25:00,1,2032.3,2034.8,2029.7,2034.8,tp,2.5,2.25,2.599999999999909,0.8653846153846456,17,5.099999999999909,2032.4
2023-05-10 13:15:00,2023-05-10 15:05:00,1,2045.1,2056.0,2032.0,2032.0,sl,-13.099999999999909,-13.349999999999909,13.099999999999909,-1.019083969465649,22,24.0,2045.1
2023-05-15 13:15:00,2023-05-15 13:45:00,1,2020.3,2024.1,2016.1,2024.1,tp,3.7999999999999545,3.5499999999999545,4.2000000000000455,0.8452380952380752,6,8.0,2020.3
2023-05-16 13:25:00,2023-05-16 15:05:00,1,2013.0,2019.4,2005.1,2005.1,sl,-7.900000000000091,-8.150000000000091,7.900000000000091,-1.031645569620253,20,14.300000000000182,2013.0
2023-05-25 13:15:00,2023-05-25 18:00:00,-1,1949.1,1939.2,1961.5,1944.9,time,4.199999999999818,3.949999999999818,12.400000000000091,0.3185483870967572,57,22.299999999999955,1949.1
2023-05-29 13:30:00,2023-05-29 13:40:00,1,1947.3,1948.5,1945.5,1945.5,sl,-1.7999999999999545,-2.0499999999999545,1.7999999999999545,-1.1388888888888924,2,3.0,1947.1
2023-06-07 13:00:00,2023-06-07 13:05:00,-1,1974.2,1973.2,1975.8,1975.8,sl,-1.599999999999909,-1.849999999999909,1.599999999999909,-1.1562500000000089,1,2.599999999999909,1974.2
2023-06-22 13:50:00,2023-06-22 13:50:00,-1,1936.0,1933.5,1941.2,1933.5,tp,2.5,2.25,5.2000000000000455,0.43269230769230393,0,7.7000000000000455,1936.0
2023-06-26 13:00:00,2023-06-26 13:10:00,1,1941.5,1942.9,1939.6,1939.6,sl,-1.900000000000091,-2.150000000000091,1.900000000000091,-1.1315789473684148,2,3.300000000000182,1941.4
2023-06-27 13:10:00,2023-06-27 13:35:00,-1,1937.0,1934.6,1940.1,1940.1,sl,-3.099999999999909,-3.349999999999909,3.099999999999909,-1.080645161290325,5,5.5,1936.9
2023-06-28 12:55:00,2023-06-28 13:10:00,-1,1915.5,1914.2,1917.4,1914.2,tp,1.2999999999999545,1.0499999999999545,1.900000000000091,0.5526315789473181,3,3.2000000000000455,1915.5
2023-06-29 14:10:00,2023-06-29 14:50:00,-1,1912.5,1906.0,1920.1,1920.1,sl,-7.599999999999909,-7.849999999999909,7.599999999999909,-1.0328947368421058,8,14.099999999999909,1912.6
2023-07-05 13:40:00,2023-07-05 13:45:00,1,1935.4,1937.8,1932.3,1932.3,sl,-3.1000000000001364,-3.3500000000001364,3.1000000000001364,-1.080645161290319,1,5.5,1935.5
2023-07-06 13:05:00,2023-07-06 14:35:00,-1,1915.0,1908.7,1921.4,1908.7,tp,6.2999999999999545,6.0499999999999545,6.400000000000091,0.9453124999999795,18,12.700000000000045,1914.9
2023-07-12 12:55:00,2023-07-12 13:25:00,1,1947.8,1955.7,1938.7,1955.7,tp,7.900000000000091,7.650000000000091,9.099999999999909,0.8406593406593591,6,17.0,1947.8
2023-07-13 13:50:00,2023-07-13 18:00:00,-1,1962.1,1956.6,1968.5,1964.5,time,-2.400000000000091,-2.650000000000091,6.400000000000091,-0.4140625000000083,50,11.900000000000091,1962.2
2023-07-17 14:20:00,2023-07-17 18:00:00,-1,1956.2,1952.4,1962.6,1958.9,time,-2.7000000000000455,-2.9500000000000455,6.399999999999864,-0.46093750000001693,44,10.199999999999818,1956.2
2023-07-18 12:55:00,2023-07-18 13:15:00,1,1971.2,1974.9,1964.3,1974.9,tp,3.7000000000000455,3.4500000000000455,6.900000000000091,0.5,4,10.600000000000136,1971.1
2023-07-20 13:35:00,2023-07-20 14:05:00,-1,1979.0,1975.0,1984.0,1975.0,tp,4.0,3.75,5.0,0.75,6,9.0,1979.0
2023-07-24 12:55:00,2023-07-24 13:20:00,1,1968.6,1969.8,1965.9,1965.9,sl,-2.699999999999818,-2.949999999999818,2.699999999999818,-1.0925925925925988,5,3.8999999999998636,1968.6
2023-08-01 14:05:00,2023-08-01 14:05:00,-1,1987.0,1984.1,1992.1,1984.1,tp,2.900000000000091,2.650000000000091,5.099999999999909,0.519607843137282,0,8.0,1987.0
2023-08-03 12:55:00,2023-08-03 14:25:00,-1,1967.1,1964.5,1973.7,1973.7,sl,-6.600000000000136,-6.850000000000136,6.600000000000136,-1.0378787878787872,18,9.200000000000045,1967.2
2023-08-08 13:20:00,2023-08-08 13:25:00,-1,1960.6,1959.1,1964.1,1959.1,tp,1.5,1.25,3.5,0.35714285714285715,1,5.0,1960.7
2023-08-09 12:55:00,2023-08-09 13:55:00,-1,1957.6,1955.8,1960.2,1955.8,tp,1.7999999999999545,1.5499999999999545,2.6000000000001364,0.5961538461537974,12,4.400000000000091,1957.6
2023-08-10 12:55:00,2023-08-10 13:25:00,1,1959.1,1963.5,1953.9,1953.9,sl,-5.199999999999818,-5.449999999999818,5.199999999999818,-1.0480769230769247,6,9.599999999999909,1959.0
2023-08-16 13:20:00,2023-08-16 13:25:00,-1,1933.2,1931.6,1934.9,1934.9,sl,-1.7000000000000455,-1.9500000000000455,1.7000000000000455,-1.147058823529408,1,3.300000000000182,1933.2
2023-08-21 13:15:00,2023-08-21 13:35:00,1,1924.1,1926.5,1921.6,1921.6,sl,-2.5,-2.75,2.5,-1.1,4,4.900000000000091,1924.1
2023-08-22 15:55:00,2023-08-22 18:00:00,-1,1927.1,1925.1,1931.1,1926.5,time,0.599999999999909,0.34999999999990905,4.0,0.08749999999997726,25,6.0,1927.2
2023-08-24 12:55:00,2023-08-24 14:00:00,-1,1941.9,1939.2,1944.9,1944.9,sl,-3.0,-3.25,3.0,-1.0833333333333333,13,5.7000000000000455,1941.9
2023-08-28 13:40:00,2023-08-28 13:40:00,1,1943.4,1944.8,1940.8,1944.8,tp,1.3999999999998636,1.1499999999998636,2.6000000000001364,0.44230769230761663,0,4.0,1943.4
2023-09-05 13:25:00,2023-09-05 13:25:00,1,1957.8,1959.3,1953.1,1959.3,tp,1.5,1.25,4.7000000000000455,0.2659574468085081,0,6.2000000000000455,1957.8
2023-09-07 13:55:00,2023-09-07 18:00:00,1,1943.3,1946.1,1940.3,1942.4,time,-0.8999999999998636,-1.1499999999998636,3.0,-0.38333333333328784,49,5.7999999999999545,1943.3
2023-09-11 14:10:00,2023-09-11 14:15:00,1,1949.1,1950.1,1947.3,1950.1,tp,1.0,0.75,1.7999999999999545,0.4166666666666772,1,2.7999999999999545,1949.1
2023-09-12 12:55:00,2023-09-12 13:00:00,-1,1932.6,1930.2,1935.5,1930.2,tp,2.3999999999998636,2.1499999999998636,2.900000000000091,0.7413793103447573,1,5.2999999999999545,1932.6
2023-09-13 13:15:00,2023-09-13 13:25:00,1,1932.0,1936.4,1927.2,1936.4,tp,4.400000000000091,4.150000000000091,4.7999999999999545,0.8645833333333605,2,9.200000000000045,1932.0
2023-09-18 13:35:00,2023-09-18 13:35:00,-1,1947.0,1945.6,1949.3,1945.6,tp,1.400000000000091,1.150000000000091,2.2999999999999545,0.5000000000000494,0,3.7000000000000455,1947.0
2023-09-21 13:00:00,2023-09-21 13:10:00,-1,1936.0,1934.2,1938.0,1934.2,tp,1.7999999999999545,1.5499999999999545,2.0,0.7749999999999773,2,3.7999999999999545,1936.0
2023-09-25 13:00:00,2023-09-25 13:15:00,1,1945.4,1946.5,1943.3,1943.3,sl,-2.1000000000001364,-2.3500000000001364,2.1000000000001364,-1.1190476190476113,3,3.2000000000000455,1945.4
2023-09-28 13:15:00,2023-09-28 13:45:00,-1,1890.9,1888.6,1896.8,1888.6,tp,2.300000000000182,2.050000000000182,5.899999999999864,0.34745762711868294,6,8.200000000000045,1890.9
2023-10-02 13:10:00,2023-10-02 13:30:00,-1,1853.1,1849.7,1856.5,1849.7,tp,3.3999999999998636,3.1499999999998636,3.400000000000091,0.9264705882352292,4,6.7999999999999545,1853.0
2023-10-05 15:20:00,2023-10-05 18:00:00,-1,1830.7,1826.2,1835.4,1833.1,time,-2.3999999999998636,-2.6499999999998636,4.7000000000000455,-0.5638297872340081,32,9.200000000000045,1830.8
2023-10-09 12:55:00,2023-10-09 13:15:00,-1,1860.7,1858.3,1863.0,1858.3,tp,2.400000000000091,2.150000000000091,2.2999999999999545,0.9347826086957102,4,4.7000000000000455,1860.6
2023-10-11 13:40:00,2023-10-11 15:35:00,1,1883.1,1886.5,1877.2,1886.5,tp,3.400000000000091,3.150000000000091,5.899999999999864,0.5338983050847735,23,9.299999999999955,1883.0
2023-10-17 13:10:00,2023-10-17 13:45:00,1,1936.9,1941.9,1931.6,1941.9,tp,5.0,4.75,5.300000000000182,0.8962264150943089,7,10.300000000000182,1937.0
2023-10-18 12:55:00,2023-10-18 13:20:00,1,1961.7,1963.1,1957.3,1963.1,tp,1.3999999999998636,1.1499999999998636,4.400000000000091,0.26136363636359994,5,5.7999999999999545,1961.6
2023-10-19 12:55:00,2023-10-19 13:25:00,1,1967.4,1968.9,1963.2,1963.2,sl,-4.2000000000000455,-4.4500000000000455,4.2000000000000455,-1.0595238095238089,6,5.7000000000000455,1967.5
2023-10-24 12:55:00,2023-10-24 13:30:00,-1,1975.1,1972.2,1978.0,1972.2,tp,2.8999999999998636,2.6499999999998636,2.900000000000091,0.9137931034482002,7,5.7999999999999545,1975.0
2023-10-25 13:00:00,2023-10-25 13:05:00,1,1986.2,1987.5,1983.4,1987.5,tp,1.2999999999999545,1.0499999999999545,2.7999999999999545,0.37499999999998984,1,4.099999999999909,1986.1
2023-10-26 12:55:00,2023-10-26 14:10:00,-1,1990.2,1984.1,1996.7,1984.1,tp,6.100000000000136,5.850000000000136,6.5,0.900000000000021,15,12.600000000000136,1990.2
2023-11-02 13:15:00,2023-11-02 13:15:00,1,1997.8,1999.1,1994.8,1994.8,sl,-3.0,-3.25,3.0,-1.0833333333333333,0,4.2999999999999545,1997.9
2023-11-06 13:55:00,2023-11-06 14:45:00,1,1994.5,1996.3,1991.1,1991.1,sl,-3.400000000000091,-3.650000000000091,3.400000000000091,-1.0735294117647038,10,5.2000000000000455,1994.5
2023-11-08 13:55:00,2023-11-08 14:00:00,-1,1969.9,1968.8,1972.4,1972.4,sl,-2.5,-2.75,2.5,-1.1,1,3.6000000000001364,1969.9
2023-11-13 13:55:00,2023-11-13 14:00:00,-1,1940.1,1938.8,1942.1,1938.8,tp,1.2999999999999545,1.0499999999999545,2.0,0.5249999999999773,1,3.2999999999999545,1940.1
2023-11-21 13:55:00,2023-11-21 14:25:00,1,1999.6,2002.7,1994.5,2002.7,tp,3.1000000000001364,2.8500000000001364,5.099999999999909,0.5588235294118015,6,8.200000000000045,1999.7
2023-11-22 13:55:00,2023-11-22 14:55:00,-1,2000.5,1998.8,2004.6,2004.6,sl,-4.099999999999909,-4.349999999999909,4.099999999999909,-1.060975609756099,12,5.7999999999999545,2000.4
2023-11-27 13:55:00,2023-11-27 15:05:00,-1,2011.9,2010.4,2017.5,2010.4,tp,1.5,1.25,5.599999999999909,0.22321428571428933,14,7.099999999999909,2012.0
2023-11-29 13:55:00,2023-11-29 14:00:00,-1,2040.5,2038.0,2044.0,2038.0,tp,2.5,2.25,3.5,0.6428571428571429,1,6.0,2040.3
2023-11-30 17:30:00,2023-11-30 18:30:00,-1,2060.9,2056.2,2066.6,2056.2,tp,4.700000000000273,4.450000000000273,5.699999999999818,0.7807017543860377,12,10.400000000000091,2060.8
2023-12-06 13:55:00,2023-12-06 14:25:00,1,2048.1,2049.7,2045.3,2049.7,tp,1.599999999999909,1.349999999999909,2.7999999999999545,0.4821428571428325,6,4.399999999999864,2048.0
2023-12-07 14:05:00,2023-12-07 14:40:00,1,2052.9,2057.2,2046.7,2046.7,sl,-6.2000000000000455,-6.4500000000000455,6.2000000000000455,-1.040322580645161,7,10.499999999999773,2053.0
2023-12-11 14:05:00,2023-12-11 14:15:00,-1,2008.8,2007.1,2011.4,2007.1,tp,1.7000000000000455,1.4500000000000455,2.6000000000001364,0.5576923076922959,2,4.300000000000182,2008.8
2023-12-12 14:15:00,2023-12-12 14:30:00,-1,2003.6,1997.7,2012.5,1997.7,tp,5.899999999999864,5.649999999999864,8.900000000000091,0.6348314606741355,3,14.799999999999955,2003.5
2023-12-13 13:55:00,2023-12-13 15:10:00,1,1999.6,2001.9,1994.7,1994.7,sl,-4.899999999999864,-5.149999999999864,4.899999999999864,-1.0510204081632668,15,7.2000000000000455,1999.7
2023-12-14 18:05:00,2023-12-14 19:00:00,1,2046.9,2050.8,2042.0,2045.9,time,-1.0,-1.25,4.900000000000091,-0.2551020408163218,11,8.800000000000182,2046.8
2023-12-21 14:15:00,2023-12-21 14:45:00,1,2050.9,2057.8,2043.5,2057.8,tp,6.900000000000091,6.650000000000091,7.400000000000091,0.8986486486486499,6,14.300000000000182,2050.9
2023-12-28 13:55:00,2023-12-28 13:55:00,-1,2086.1,2085.0,2089.1,2085.0,tp,1.099999999999909,0.849999999999909,3.0,0.283333333333303,0,4.099999999999909,2086.0
2024-01-02 14:40:00,2024-01-02 14:40:00,-1,2076.0,2074.6,2080.0,2074.6,tp,1.400000000000091,1.150000000000091,4.0,0.28750000000002274,0,5.400000000000091,2076.0
2024-01-03 14:05:00,2024-01-03 14:05:00,-1,2048.1,2046.6,2053.6,2046.6,tp,1.5,1.25,5.5,0.22727272727272727,0,7.0,2048.1
2024-01-04 14:25:00,2024-01-04 14:45:00,-1,2048.4,2046.1,2052.8,2046.1,tp,2.300000000000182,2.050000000000182,4.400000000000091,0.46590909090912264,4,6.700000000000273,2048.4
2024-01-08 14:15:00,2024-01-08 14:15:00,-1,2026.9,2025.8,2030.4,2025.8,tp,1.1000000000001364,0.8500000000001364,3.5,0.24285714285718182,0,4.600000000000136,2026.8
2024-01-09 13:55:00,2024-01-09 15:55:00,1,2045.1,2048.6,2037.5,2037.5,sl,-7.599999999999909,-7.849999999999909,7.599999999999909,-1.0328947368421058,24,11.099999999999909,2045.2
2024-01-10 14:35:00,2024-01-10 14:40:00,-1,2037.4,2035.9,2039.2,2035.9,tp,1.5,1.25,1.7999999999999545,0.694444444444462,1,3.2999999999999545,2037.3
2024-01-16 13:55:00,2024-01-16 17:05:00,-1,2041.6,2034.7,2048.9,2034.7,tp,6.899999999999864,6.649999999999864,7.300000000000182,0.9109589041095476,38,14.200000000000045,2041.6
2024-01-18 13:55:00,2024-01-18 15:00:00,-1,2012.4,2009.1,2015.9,2015.9,sl,-3.5,-3.75,3.5,-1.0714285714285714,13,6.800000000000182,2012.4
2024-01-22 15:35:00,2024-01-22 16:05:00,-1,2025.9,2023.9,2028.7,2023.9,tp,2.0,1.75,2.7999999999999545,0.6250000000000101,6,4.7999999999999545,2025.8
2024-01-24 13:55:00,2024-01-24 14:30:00,1,2035.3,2037.9,2032.1,2032.1,sl,-3.2000000000000455,-3.4500000000000455,3.2000000000000455,-1.078124999999999,7,5.800000000000182,2035.3
2024-01-25 16:50:00,2024-01-25 19:00:00,1,2014.3,2023.8,2004.0,2014.3,time,0.0,-0.25,10.299999999999955,-0.024271844660194282,26,19.799999999999955,2014.4
2024-01-29 14:30:00,2024-01-29 14:35:00,1,2032.3,2036.8,2027.0,2027.0,sl,-5.2999999999999545,-5.5499999999999545,5.2999999999999545,-1.047169811320755,1,9.799999999999955,2032.4
2024-01-30 17:00:00,2024-01-30 17:45:00,1,2034.8,2035.8,2032.4,2032.3,sl,-2.5,-2.75,2.3999999999998636,-1.1458333333333985,7,3.3999999999998636,2034.4
2024-02-05 14:35:00,2024-02-05 14:45:00,-1,2034.6,2032.4,2038.2,2038.2,sl,-3.6000000000001364,-3.8500000000001364,3.6000000000001364,-1.0694444444444418,2,5.7999999999999545,2034.6
2024-02-07 17:30:00,2024-02-07 17:40:00,1,2050.6,2052.5,2048.7,2052.5,tp,1.900000000000091,1.650000000000091,1.900000000000091,0.8684210526315852,2,3.800000000000182,2050.7
2024-02-08 14:20:00,2024-02-08 14:25:00,-1,2038.2,2036.1,2041.2,2041.2,sl,-3.0,-3.25,3.0,-1.0833333333333333,1,5.100000000000136,2038.3
2024-02-14 14:10:00,2024-02-14 14:25:00,-1,2003.7,2001.8,2006.0,2001.8,tp,1.900000000000091,1.650000000000091,2.2999999999999545,0.7173913043478798,3,4.2000000000000455,2003.6
2024-02-15 15:55:00,2024-02-15 17:55:00,1,2012.2,2016.2,2007.1,2016.2,tp,4.0,3.75,5.100000000000136,0.7352941176470391,24,9.100000000000136,2012.3
2024-02-20 14:25:00,2024-02-20 14:40:00,1,2041.1,2042.7,2038.1,2038.1,sl,-3.0,-3.25,3.0,-1.0833333333333333,3,4.600000000000136,2041.1
2024-02-22 13:55:00,2024-02-22 14:40:00,-1,2034.8,2032.0,2037.9,2032.0,tp,2.7999999999999545,2.5499999999999545,3.1000000000001364,0.8225806451612394,9,5.900000000000091,2034.8
2024-02-28 14:25:00,2024-02-28 14:50:00,1,2043.9,2045.6,2041.4,2041.4,sl,-2.5,-2.75,2.5,-1.1,5,4.199999999999818,2043.8
2024-03-06 15:05:00,2024-03-06 15:05:00,1,2143.8,2146.2,2139.7,2146.2,tp,2.399999999999636,2.149999999999636,4.100000000000364,0.5243902439023037,0,6.5,2143.7
2024-03-11 12:55:00,2024-03-11 12:55:00,-1,2184.5,2183.1,2187.3,2183.1,tp,1.400000000000091,1.150000000000091,2.800000000000182,0.4107142857142915,0,4.200000000000273,2184.4
2024-03-14 12:55:00,2024-03-14 12:55:00,-1,2169.0,2165.4,2174.6,2165.4,tp,3.599999999999909,3.349999999999909,5.599999999999909,0.5982142857142791,0,9.199999999999818,2169.1
2024-03-19 16:20:00,2024-03-19 18:00:00,1,2158.2,2162.0,2154.0,2160.3,time,2.100000000000364,1.8500000000003638,4.199999999999818,0.44047619047629616,20,8.0,2158.1
2024-03-25 13:05:00,2024-03-25 13:30:00,1,2176.8,2178.2,2173.9,2178.2,tp,1.3999999999996362,1.1499999999996362,2.900000000000091,0.39655172413779316,5,4.299999999999727,2176.6
2024-03-28 12:55:00,2024-03-28 12:55:00,1,2230.8,2234.6,2226.2,2234.6,tp,3.799999999999727,3.549999999999727,4.600000000000364,0.7717391304346622,0,8.400000000000091,2230.9
2024-04-02 16:25:00,2024-04-02 16:25:00,1,2277.2,2278.3,2273.6,2278.3,tp,1.1000000000003638,0.8500000000003638,3.599999999999909,0.23611111111121813,0,4.700000000000273,2277.1
2024-04-08 12:55:00,2024-04-08 13:30:00,1,2349.5,2354.6,2341.3,2354.6,tp,5.099999999999909,4.849999999999909,8.199999999999818,0.5914634146341484,7,13.299999999999727,2349.6
2024-04-09 12:55:00,2024-04-09 13:35:00,-1,2369.1,2364.1,2375.7,2375.7,sl,-6.599999999999909,-6.849999999999909,6.599999999999909,-1.0378787878787885,8,11.599999999999909,2369.1
2024-04-11 13:10:00,2024-04-11 13:15:00,1,2357.7,2362.2,2349.2,2362.2,tp,4.5,4.25,8.5,0.5,1,13.0,2357.6
2024-04-15 13:10:00,2024-04-15 13:35:00,1,2372.4,2376.1,2367.6,2367.6,sl,-4.800000000000182,-5.050000000000182,4.800000000000182,-1.0520833333333313,5,8.5,2372.1
2024-04-17 12:55:00,2024-04-17 13:05:00,-1,2398.0,2394.1,2402.6,2402.6,sl,-4.599999999999909,-4.849999999999909,4.599999999999909,-1.0543478260869577,2,8.5,2398.0
2024-04-18 13:10:00,2024-04-18 13:20:00,1,2399.0,2401.8,2395.6,2401.8,tp,2.800000000000182,2.550000000000182,3.400000000000091,0.7500000000000334,2,6.200000000000273,2399.1
2024-04-23 13:00:00,2024-04-23 13:10:00,1,2325.4,2327.3,2318.8,2327.3,tp,1.900000000000091,1.650000000000091,6.599999999999909,0.2500000000000172,2,8.5,2325.5
2024-04-24 13:20:00,2024-04-24 13:30:00,1,2331.0,2336.3,2325.1,2336.3,tp,5.300000000000182,5.050000000000182,5.900000000000091,0.8559322033898481,2,11.200000000000273,2331.0
2024-04-25 15:25:00,2024-04-25 15:25:00,1,2341.5,2344.5,2335.4,2344.5,tp,3.0,2.75,6.099999999999909,0.45081967213115426,0,9.099999999999909,2341.6
2024-04-30 12:55:00,2024-04-30 13:05:00,-1,2318.1,2315.0,2322.6,2315.0,tp,3.099999999999909,2.849999999999909,4.5,0.6333333333333131,2,7.599999999999909,2318.2
2024-05-01 13:20:00,2024-05-01 13:20:00,1,2308.8,2310.0,2304.9,2310.0,tp,1.199999999999818,0.9499999999998181,3.900000000000091,0.24358974358969127,0,5.099999999999909,2308.8
2024-05-02 14:45:00,2024-05-02 15:00:00,-1,2310.2,2307.6,2314.6,2314.6,sl,-4.400000000000091,-4.650000000000091,4.400000000000091,-1.0568181818181805,3,7.0,2310.1
2024-05-06 13:05:00,2024-05-06 13:40:00,1,2334.5,2339.2,2323.6,2339.2,tp,4.699999999999818,4.449999999999818,10.900000000000091,0.40825688073392485,7,15.599999999999909,2334.4
2024-05-09 13:10:00,2024-05-09 13:10:00,1,2329.7,2336.6,2322.4,2322.4,sl,-7.299999999999727,-7.549999999999727,7.299999999999727,-1.034246575342467,0,14.199999999999818,2329.7
2024-05-15 13:20:00,2024-05-15 13:50:00,1,2374.5,2386.4,2362.7,2362.7,sl,-11.800000000000182,-12.050000000000182,11.800000000000182,-1.0211864406779658,6,23.700000000000273,2374.7
2024-05-16 12:55:00,2024-05-16 12:55:00,-1,2386.4,2383.9,2391.0,2383.9,tp,2.5,2.25,4.599999999999909,0.48913043478261836,0,7.099999999999909,2386.5
2024-05-20 13:00:00,2024-05-20 14:55:00,-1,2417.3,2411.1,2427.2,2427.2,sl,-9.899999999999636,-10.149999999999636,9.899999999999636,-1.0252525252525262,23,16.09999999999991,2417.4
2024-05-23 13:10:00,2024-05-23 13:20:00,-1,2366.3,2363.5,2371.3,2371.3,sl,-5.0,-5.25,5.0,-1.05,2,7.800000000000182,2366.4
2024-05-29 13:45:00,2024-05-29 13:50:00,-1,2340.8,2338.8,2344.2,2344.2,sl,-3.399999999999636,-3.649999999999636,3.399999999999636,-1.0735294117647138,1,5.399999999999636,2340.9
2024-05-30 13:15:00,2024-05-30 13:30:00,1,2341.9,2343.5,2333.0,2343.5,tp,1.599999999999909,1.349999999999909,8.900000000000091,0.1516853932584152,3,10.5,2341.9
2024-06-05 14:10:00,2024-06-05 14:15:00,1,2357.3,2360.4,2353.9,2353.9,sl,-3.400000000000091,-3.650000000000091,3.400000000000091,-1.0735294117647038,1,6.5,2357.4
2024-06-06 13:55:00,2024-06-06 14:25:00,-1,2380.0,2375.5,2384.5,2384.5,sl,-4.5,-4.75,4.5,-1.0555555555555556,6,9.0,2379.9
2024-06-11 13:10:00,2024-06-11 13:15:00,1,2335.5,2337.0,2330.0,2330.0,sl,-5.5,-5.75,5.5,-1.0454545454545454,1,7.0,2335.3
2024-06-12 14:10:00,2024-06-12 15:35:00,1,2340.0,2349.7,2329.7,2349.7,tp,9.699999999999818,9.449999999999818,10.300000000000182,0.917475728155306,17,20.0,2339.9
2024-06-13 13:25:00,2024-06-13 15:15:00,1,2332.0,2342.4,2320.4,2320.4,sl,-11.599999999999909,-11.849999999999909,11.599999999999909,-1.0215517241379313,22,22.0,2332.3
2024-06-18 12:55:00,2024-06-18 13:50:00,-1,2330.3,2326.0,2338.8,2338.8,sl,-8.5,-8.75,8.5,-1.0294117647058822,11,12.800000000000182,2330.3
2024-06-20 12:55:00,2024-06-20 12:55:00,1,2355.3,2358.5,2349.4,2349.4,sl,-5.900000000000091,-6.150000000000091,5.900000000000091,-1.0423728813559316,0,9.099999999999909,2355.3
2024-06-25 13:20:00,2024-06-25 13:25:00,-1,2338.5,2337.1,2342.7,2337.1,tp,1.400000000000091,1.150000000000091,4.199999999999818,0.2738095238095573,1,5.599999999999909,2338.6
2024-06-27 12:55:00,2024-06-27 14:00:00,1,2334.1,2337.7,2326.8,2337.7,tp,3.599999999999909,3.349999999999909,7.299999999999727,0.4589041095890458,13,10.899999999999636,2334.1
2024-07-02 14:25:00,2024-07-02 14:30:00,1,2333.3,2336.1,2330.1,2336.1,tp,2.799999999999727,2.549999999999727,3.200000000000273,0.7968749999998468,1,6.0,2333.3
2024-07-16 13:15:00,2024-07-16 13:40:00,-1,2439.7,2436.2,2448.5,2448.5,sl,-8.800000000000182,-9.050000000000182,8.800000000000182,-1.0284090909090904,5,12.300000000000182,2439.8
2024-07-17 12:55:00,2024-07-17 13:00:00,1,2478.4,2480.1,2476.1,2480.1,tp,1.699999999999818,1.449999999999818,2.300000000000182,0.6304347826085667,1,4.0,2478.5
2024-07-18 14:50:00,2024-07-18 14:50:00,-1,2468.7,2466.8,2472.4,2472.4,sl,-3.700000000000273,-3.950000000000273,3.700000000000273,-1.0675675675675627,0,5.599999999999909,2468.8
2024-07-24 13:35:00,2024-07-24 13:35:00,1,2420.0,2421.4,2417.1,2421.4,tp,1.400000000000091,1.150000000000091,2.900000000000091,0.39655172413795,0,4.300000000000182,2420.0
2024-07-25 12:55:00,2024-07-25 13:50:00,-1,2368.4,2363.3,2377.0,2363.3,tp,5.099999999999909,4.849999999999909,8.599999999999909,0.5639534883720884,11,13.699999999999818,2368.4
2024-07-31 12:55:00,2024-07-31 13:15:00,1,2465.7,2468.1,2462.8,2462.8,sl,-2.899999999999636,-3.149999999999636,2.899999999999636,-1.0862068965517349,4,5.299999999999727,2465.7
2024-08-01 12:55:00,2024-08-01 13:25:00,1,2495.0,2499.4,2488.2,2499.4,tp,4.400000000000091,4.150000000000091,6.800000000000182,0.6102941176470559,6,11.200000000000273,2494.9
2024-08-05 12:55:00,2024-08-05 13:05:00,-1,2412.9,2403.8,2424.6,2424.6,sl,-11.699999999999818,-11.949999999999818,11.699999999999818,-1.0213675213675217,2,20.799999999999727,2413.0
2024-08-06 14:05:00,2024-08-06 14:25:00,-1,2440.2,2432.2,2449.9,2432.2,tp,8.0,7.75,9.700000000000273,0.798969072164926,4,17.700000000000273,2440.3
2024-08-07 13:35:00,2024-08-07 13:40:00,1,2444.0,2447.2,2439.2,2439.2,sl,-4.800000000000182,-5.050000000000182,4.800000000000182,-1.0520833333333313,1,8.0,2444.2
2024-08-12 13:00:00,2024-08-12 13:15:00,1,2483.9,2484.8,2481.3,2484.8,tp,0.900000000000091,0.650000000000091,2.599999999999909,0.25000000000004374,3,3.5,2483.8
2024-08-15 16:00:00,2024-08-15 18:00:00,-1,2496.1,2486.8,2508.0,2493.3,time,2.799999999999727,2.549999999999727,11.900000000000091,0.2142857142856897,24,21.199999999999818,2496.1
2024-08-20 13:05:00,2024-08-20 13:25:00,1,2564.0,2567.3,2560.2,2567.3,tp,3.300000000000182,3.050000000000182,3.800000000000182,0.8026315789473779,4,7.100000000000364,2564.0
2024-08-21 13:00:00,2024-08-21 13:20:00,-1,2548.6,2544.9,2552.0,2544.9,tp,3.699999999999818,3.449999999999818,3.400000000000091,1.0147058823528605,4,7.099999999999909,2548.4
2024-08-26 12:55:00,2024-08-26 13:00:00,1,2560.9,2562.4,2558.2,2558.2,sl,-2.700000000000273,-2.950000000000273,2.700000000000273,-1.0925925925925832,1,4.200000000000273,2560.8
2024-08-27 12:55:00,2024-08-27 13:10:00,1,2546.2,2548.0,2542.9,2542.9,sl,-3.299999999999727,-3.549999999999727,3.299999999999727,-1.0757575757575821,3,5.099999999999909,2546.1
2024-08-29 13:25:00,2024-08-29 14:00:00,-1,2543.3,2536.5,2554.0,2554.0,sl,-10.699999999999818,-10.949999999999818,10.699999999999818,-1.023364485981309,7,17.5,2543.3
2024-09-02 14:55:00,2024-09-02 15:15:00,1,2534.4,2535.6,2532.2,2532.2,sl,-2.200000000000273,-2.450000000000273,2.200000000000273,-1.1136363636363495,4,3.400000000000091,2534.5
2024-09-09 12:55:00,2024-09-09 13:10:00,1,2531.4,2533.5,2528.2,2533.5,tp,2.099999999999909,1.849999999999909,3.200000000000273,0.5781249999999223,3,5.300000000000182,2531.3
2024-09-10 13:45:00,2024-09-10 13:50:00,1,2539.1,2540.4,2535.1,2535.1,sl,-4.0,-4.25,4.0,-1.0625,1,5.300000000000182,2539.2
2024-09-11 15:20:00,2024-09-11 18:00:00,-1,2542.0,2530.7,2553.5,2543.3,time,-1.300000000000182,-1.550000000000182,11.5,-0.134782608695668,32,22.800000000000182,2541.9
2024-09-12 13:05:00,2024-09-12 13:05:00,1,2559.1,2564.1,2546.5,2564.1,tp,5.0,4.75,12.599999999999909,0.3769841269841297,0,17.59999999999991,2559.2
2024-09-19 13:15:00,2024-09-19 13:40:00,-1,2603.8,2599.0,2616.5,2599.0,tp,4.800000000000182,4.550000000000182,12.699999999999818,0.35826771653545253,5,17.5,2604.1
2024-09-25 12:55:00,2024-09-25 13:00:00,1,2683.3,2685.3,2681.3,2685.3,tp,2.0,1.75,2.0,0.875,1,4.0,2683.4
2024-09-30 13:40:00,2024-09-30 13:40:00,-1,2658.7,2656.5,2662.7,2656.5,tp,2.199999999999818,1.949999999999818,4.0,0.4874999999999545,0,6.199999999999818,2658.6
2024-10-03 13:40:00,2024-10-03 14:00:00,-1,2668.7,2664.5,2675.9,2664.5,tp,4.199999999999818,3.949999999999818,7.200000000000273,0.5486111111110651,4,11.400000000000091,2668.7
2024-10-07 13:30:00,2024-10-07 14:25:00,-1,2666.5,2660.1,2675.5,2660.1,tp,6.400000000000091,6.150000000000091,9.0,0.6833333333333435,11,15.400000000000091,2666.5
2024-10-14 12:55:00,2024-10-14 13:10:00,-1,2668.4,2666.0,2671.4,2666.0,tp,2.400000000000091,2.150000000000091,3.0,0.716666666666697,3,5.400000000000091,2668.4
2024-10-15 14:15:00,2024-10-15 14:20:00,-1,2671.3,2668.9,2674.3,2674.3,sl,-3.0,-3.25,3.0,-1.0833333333333333,1,5.400000000000091,2671.2
2024-10-21 12:55:00,2024-10-21 13:00:00,1,2752.6,2754.5,2749.9,2754.5,tp,1.900000000000091,1.650000000000091,2.699999999999818,0.611111111111186,1,4.599999999999909,2752.7
2024-10-22 12:55:00,2024-10-22 13:05:00,1,2750.4,2752.5,2747.4,2752.5,tp,2.099999999999909,1.849999999999909,3.0,0.6166666666666364,2,5.099999999999909,2750.4
2024-10-24 13:05:00,2024-10-24 13:20:00,1,2752.1,2754.6,2747.0,2754.6,tp,2.5,2.25,5.099999999999909,0.44117647058824316,3,7.599999999999909,2752.0
2024-10-29 13:05:00,2024-10-29 13:05:00,1,2763.8,2765.5,2761.0,2765.5,tp,1.699999999999818,1.449999999999818,2.800000000000182,0.5178571428570442,0,4.5,2763.8
2024-10-30 14:05:00,2024-10-30 14:30:00,1,2791.1,2794.3,2786.9,2786.9,sl,-4.199999999999818,-4.449999999999818,4.199999999999818,-1.0595238095238122,5,7.400000000000091,2791.0
2024-11-04 14:30:00,2024-11-04 14:35:00,1,2752.0,2755.3,2747.9,2747.9,sl,-4.099999999999909,-4.349999999999909,4.099999999999909,-1.060975609756099,1,7.400000000000091,2752.0
2024-11-05 14:50:00,2024-11-05 14:55:00,1,2753.1,2755.1,2745.8,2755.1,tp,2.0,1.75,7.299999999999727,0.23972602739726923,1,9.299999999999727,2753.0
2024-11-06 15:35:00,2024-11-06 19:00:00,-1,2679.0,2666.9,2692.0,2674.3,time,4.699999999999818,4.449999999999818,13.0,0.3423076923076783,41,25.09999999999991,2679.0
2024-11-13 13:55:00,2024-11-13 14:35:00,1,2619.6,2625.0,2613.0,2613.0,sl,-6.599999999999909,-6.849999999999909,6.599999999999909,-1.0378787878787885,8,12.0,2619.5
2024-11-14 13:55:00,2024-11-14 14:15:00,1,2563.8,2565.3,2556.5,2565.3,tp,1.5,1.25,7.300000000000182,0.1712328767123245,4,8.800000000000182,2563.9
2024-11-27 14:15:00,2024-11-27 14:35:00,1,2650.3,2654.4,2644.9,2654.4,tp,4.099999999999909,3.849999999999909,5.400000000000091,0.7129629629629342,4,9.5,2650.4
2024-12-02 13:55:00,2024-12-02 14:10:00,1,2670.2,2672.1,2664.8,2672.1,tp,1.900000000000091,1.650000000000091,5.399999999999636,0.305555555555593,3,7.299999999999727,2670.2
2024-12-03 14:55:00,2024-12-03 15:00:00,1,2670.3,2673.3,2665.4,2665.4,sl,-4.900000000000091,-5.150000000000091,4.900000000000091,-1.0510204081632644,1,7.900000000000091,2670.3
2024-12-05 13:55:00,2024-12-05 14:45:00,1,2673.3,2675.4,2667.6,2667.6,sl,-5.700000000000273,-5.950000000000273,5.700000000000273,-1.043859649122805,10,7.800000000000182,2673.3
2024-12-16 13:55:00,2024-12-16 13:55:00,1,2680.8,2682.1,2677.7,2682.1,tp,1.2999999999997272,1.0499999999997272,3.100000000000364,0.3387096774192271,0,4.400000000000091,2680.7
2024-12-17 15:20:00,2024-12-17 15:35:00,-1,2656.4,2653.1,2660.0,2653.1,tp,3.300000000000182,3.050000000000182,3.599999999999909,0.8472222222222942,3,6.900000000000091,2656.3
2024-12-26 14:35:00,2024-12-26 15:00:00,-1,2641.8,2637.9,2647.4,2647.4,sl,-5.599999999999909,-5.849999999999909,5.599999999999909,-1.0446428571428579,5,9.5,2641.9
2025-01-06 15:00:00,2025-01-06 19:00:00,-1,2643.4,2630.8,2658.6,2645.6,time,-2.199999999999818,-2.449999999999818,15.199999999999818,-0.16118421052630574,48,27.799999999999727,2643.2
2025-01-07 14:05:00,2025-01-07 14:15:00,1,2674.1,2676.5,2670.5,2670.5,sl,-3.599999999999909,-3.849999999999909,3.599999999999909,-1.0694444444444462,2,6.0,2673.9
2025-01-08 17:45:00,2025-01-08 18:00:00,1,2669.3,2674.1,2663.5,2674.1,tp,4.799999999999727,4.549999999999727,5.800000000000182,0.784482758620618,3,10.599999999999909,2669.2
2025-01-14 13:55:00,2025-01-14 16:50:00,-1,2678.4,2672.0,2687.4,2687.4,sl,-9.0,-9.25,9.0,-1.0277777777777777,35,15.400000000000091,2678.4
2025-01-15 14:25:00,2025-01-15 14:35:00,1,2713.4,2716.6,2702.4,2702.4,sl,-11.0,-11.25,11.0,-1.0227272727272727,2,14.199999999999818,2713.2
2025-01-20 14:15:00,2025-01-20 16:20:00,-1,2736.5,2722.8,2750.2,2722.8,tp,13.699999999999818,13.449999999999818,13.699999999999818,0.981751824817518,25,27.399999999999636,2736.4
2025-01-21 13:55:00,2025-01-21 13:55:00,1,2741.1,2743.0,2737.4,2737.4,sl,-3.699999999999818,-3.949999999999818,3.699999999999818,-1.0675675675675709,0,5.599999999999909,2741.1
2025-01-22 13:55:00,2025-01-22 14:35:00,1,2766.1,2770.2,2759.8,2759.8,sl,-6.299999999999727,-6.549999999999727,6.299999999999727,-1.0396825396825413,8,10.399999999999636,2766.2
2025-01-23 13:55:00,2025-01-23 14:00:00,-1,2744.7,2741.0,2748.8,2748.8,sl,-4.100000000000364,-4.350000000000364,4.100000000000364,-1.060975609756092,1,7.800000000000182,2744.6
2025-01-27 13:55:00,2025-01-27 14:15:00,-1,2760.9,2756.4,2766.0,2756.4,tp,4.5,4.25,5.099999999999909,0.8333333333333482,4,9.599999999999909,2761.1
2025-01-29 15:45:00,2025-01-29 15:55:00,1,2770.5,2772.3,2764.7,2772.3,tp,1.800000000000182,1.550000000000182,5.800000000000182,0.2672413793103678,2,7.600000000000364,2770.6
2025-02-03 15:40:00,2025-02-03 15:40:00,1,2849.7,2852.3,2846.0,2852.3,tp,2.600000000000364,2.350000000000364,3.699999999999818,0.6351351351352647,0,6.300000000000182,2849.4
2025-02-05 14:05:00,2025-02-05 14:30:00,-1,2884.0,2879.4,2890.7,2890.7,sl,-6.699999999999818,-6.949999999999818,6.699999999999818,-1.037313432835822,5,11.299999999999727,2883.8
2025-02-13 14:15:00,2025-02-13 15:00:00,-1,2939.2,2935.2,2946.0,2946.0,sl,-6.800000000000182,-7.050000000000182,6.800000000000182,-1.036764705882352,9,10.800000000000182,2939.2
2025-02-18 13:55:00,2025-02-18 14:05:00,1,2933.8,2937.2,2929.5,2937.2,tp,3.399999999999636,3.149999999999636,4.300000000000182,0.7325581395347681,2,7.699999999999818,2933.9
2025-02-19 14:15:00,2025-02-19 14:15:00,-1,2956.0,2954.1,2960.0,2954.1,tp,1.900000000000091,1.650000000000091,4.0,0.41250000000002274,0,5.900000000000091,2956.1
2025-02-20 17:05:00,2025-02-20 19:00:00,-1,2957.6,2950.3,2965.2,2957.5,time,0.09999999999990905,-0.15000000000009095,7.599999999999909,-0.019736842105275362,23,14.899999999999636,2957.7
2025-02-26 15:40:00,2025-02-26 15:50:00,-1,2923.9,2922.0,2926.9,2926.9,sl,-3.0,-3.25,3.0,-1.0833333333333333,2,4.900000000000091,2924.0
2025-03-03 13:55:00,2025-03-03 14:05:00,1,2883.5,2885.9,2879.6,2885.9,tp,2.400000000000091,2.150000000000091,3.900000000000091,0.5512820512820618,2,6.300000000000182,2883.6
2025-03-05 14:10:00,2025-03-05 14:40:00,-1,2911.2,2904.8,2925.9,2925.9,sl,-14.700000000000273,-14.950000000000273,14.700000000000273,-1.0170068027210881,6,21.09999999999991,2911.5
2025-03-10 12:55:00,2025-03-10 13:10:00,-1,2910.3,2906.2,2914.7,2914.7,sl,-4.399999999999636,-4.649999999999636,4.399999999999636,-1.0568181818181865,3,8.5,2910.3
2025-03-11 12:55:00,2025-03-11 13:00:00,1,2919.2,2922.3,2915.8,2915.8,sl,-3.399999999999636,-3.649999999999636,3.399999999999636,-1.0735294117647138,1,6.5,2919.1
2025-03-12 12:55:00,2025-03-12 13:15:00,1,2923.8,2929.5,2917.9,2917.9,sl,-5.900000000000091,-6.150000000000091,5.900000000000091,-1.0423728813559316,4,11.599999999999909,2923.9
2025-03-17 13:10:00,2025-03-17 14:20:00,-1,2996.4,2991.6,3003.1,3003.1,sl,-6.699999999999818,-6.949999999999818,6.699999999999818,-1.037313432835822,14,11.5,2996.2
2025-03-18 13:50:00,2025-03-18 13:50:00,1,3042.6,3044.3,3035.0,3044.3,tp,1.7000000000002728,1.4500000000002728,7.599999999999909,0.1907894736842487,0,9.300000000000182,3042.6
2025-03-26 12:55:00,2025-03-26 13:00:00,1,3033.9,3036.0,3030.5,3030.5,sl,-3.400000000000091,-3.650000000000091,3.400000000000091,-1.0735294117647038,1,5.5,3034.2
2025-04-02 13:05:00,2025-04-02 13:05:00,1,3159.4,3162.5,3154.4,3162.5,tp,3.099999999999909,2.849999999999909,5.0,0.5699999999999819,0,8.099999999999909,3159.7
2025-04-07 13:20:00,2025-04-07 13:35:00,1,3043.5,3048.8,3030.8,3030.8,sl,-12.699999999999818,-12.949999999999818,12.699999999999818,-1.019685039370079,3,18.0,3044.0
2025-04-08 13:10:00,2025-04-08 13:10:00,-1,3021.1,3017.7,3029.3,3029.3,sl,-8.200000000000273,-8.450000000000273,8.200000000000273,-1.0304878048780477,0,11.600000000000364,3021.0
2025-04-14 14:55:00,2025-04-14 15:35:00,-1,3229.5,3216.6,3242.5,3216.6,tp,12.900000000000091,12.650000000000091,13.0,0.9730769230769301,8,25.90000000000009,3229.4
2025-04-16 12:55:00,2025-04-16 13:20:00,1,3324.4,3329.5,3318.8,3318.8,sl,-5.599999999999909,-5.849999999999909,5.599999999999909,-1.0446428571428579,5,10.699999999999818,3324.4
2025-04-17 13:05:00,2025-04-17 13:20:00,-1,3339.0,3335.8,3348.5,3335.8,tp,3.199999999999818,2.949999999999818,9.5,0.31052631578945455,3,12.699999999999818,3339.0
2025-04-22 13:30:00,2025-04-22 13:30:00,-1,3455.7,3446.6,3476.6,3446.6,tp,9.099999999999909,8.849999999999909,20.90000000000009,0.42344497607654885,0,30.0,3456.0
2025-04-30 14:35:00,2025-04-30 14:50:00,1,3305.1,3314.4,3291.5,3314.4,tp,9.300000000000182,9.050000000000182,13.599999999999909,0.6654411764706061,3,22.90000000000009,3304.9
2025-05-05 12:55:00,2025-05-05 13:30:00,1,3329.4,3331.7,3324.2,3324.2,sl,-5.200000000000273,-5.450000000000273,5.200000000000273,-1.0480769230769205,7,7.5,3329.6
2025-05-06 14:35:00,2025-05-06 15:05:00,1,3395.3,3400.4,3382.6,3400.4,tp,5.099999999999909,4.849999999999909,12.700000000000273,0.38188976377951217,6,17.800000000000182,3395.0
2025-05-07 13:05:00,2025-05-07 13:05:00,1,3398.4,3399.9,3392.1,3399.9,tp,1.5,1.25,6.300000000000182,0.19841269841269268,0,7.800000000000182,3398.4
2025-05-08 14:25:00,2025-05-08 14:40:00,-1,3357.4,3355.3,3364.9,3364.9,sl,-7.5,-7.75,7.5,-1.0333333333333334,3,9.599999999999909,3357.8
2025-05-12 12:55:00,2025-05-12 13:00:00,-1,3232.8,3227.6,3238.6,3238.6,sl,-5.799999999999727,-6.049999999999727,5.799999999999727,-1.043103448275864,1,11.0,3233.0
2025-05-20 13:00:00,2025-05-20 13:05:00,1,3245.3,3254.1,3236.6,3236.6,sl,-8.700000000000273,-8.950000000000273,8.700000000000273,-1.0287356321839072,1,17.5,3245.4
2025-05-22 13:40:00,2025-05-22 13:45:00,-1,3306.2,3302.3,3312.2,3302.3,tp,3.899999999999636,3.649999999999636,6.0,0.6083333333332727,1,9.899999999999636,3306.0
2025-05-27 12:55:00,2025-05-27 12:55:00,-1,3291.9,3290.4,3296.7,3290.4,tp,1.5,1.25,4.799999999999727,0.26041666666668145,0,6.299999999999727,3291.8
2025-05-28 13:00:00,2025-05-28 13:00:00,1,3310.8,3313.5,3305.6,3313.5,tp,2.699999999999818,2.449999999999818,5.200000000000273,0.47115384615378647,0,7.900000000000091,3310.9
2025-06-04 13:35:00,2025-06-04 14:05:00,1,3379.3,3385.1,3368.2,3385.1,tp,5.799999999999727,5.549999999999727,11.100000000000364,0.49999999999995903,6,16.90000000000009,3379.1
2025-06-09 12:55:00,2025-06-09 13:20:00,1,3339.3,3343.4,3333.7,3333.7,sl,-5.600000000000364,-5.850000000000364,5.600000000000364,-1.0446428571428543,5,9.700000000000273,3339.5
2025-06-10 13:05:00,2025-06-10 13:15:00,1,3360.0,3361.5,3353.0,3361.5,tp,1.5,1.25,7.0,0.17857142857142858,2,8.5,3360.0
2025-06-12 13:20:00,2025-06-12 13:25:00,1,3405.6,3411.4,3399.3,3399.3,sl,-6.299999999999727,-6.549999999999727,6.299999999999727,-1.0396825396825413,1,12.099999999999909,3405.7
2025-06-17 12:55:00,2025-06-17 13:05:00,-1,3405.7,3402.1,3410.2,3410.2,sl,-4.5,-4.75,4.5,-1.0555555555555556,2,8.099999999999909,3405.9
2025-06-19 13:00:00,2025-06-19 13:25:00,1,3384.8,3387.9,3380.2,3380.2,sl,-4.600000000000364,-4.850000000000364,4.600000000000364,-1.0543478260869523,5,7.700000000000273,3384.7
2025-06-25 15:00:00,2025-06-25 16:30:00,-1,3337.1,3331.9,3343.3,3343.3,sl,-6.200000000000273,-6.450000000000273,6.200000000000273,-1.0403225806451595,18,11.400000000000091,3337.3
2025-06-26 17:55:00,2025-06-26 18:00:00,-1,3347.3,3341.5,3357.8,3346.4,time,0.900000000000091,0.650000000000091,10.5,0.06190476190477057,1,16.300000000000182,3347.4
2025-07-01 13:00:00,2025-07-01 13:05:00,1,3366.6,3370.5,3362.0,3362.0,sl,-4.599999999999909,-4.849999999999909,4.599999999999909,-1.0543478260869577,1,8.5,3366.6
2025-07-02 13:00:00,2025-07-02 13:00:00,1,3357.2,3361.3,3353.3,3353.3,sl,-3.899999999999636,-4.149999999999636,3.899999999999636,-1.06410256410257,0,8.0,3357.4
2025-07-03 14:05:00,2025-07-03 18:00:00,-1,3341.3,3321.4,3362.4,3339.0,time,2.300000000000182,2.050000000000182,21.09999999999991,0.09715639810427444,47,41.0,3341.3
2025-07-07 13:15:00,2025-07-07 13:25:00,1,3316.4,3321.4,3309.6,3321.4,tp,5.0,4.75,6.800000000000182,0.6985294117646872,2,11.800000000000182,3316.5
2025-07-10 13:45:00,2025-07-10 13:45:00,1,3330.3,3333.4,3327.1,3327.1,sl,-3.200000000000273,-3.450000000000273,3.200000000000273,-1.0781249999999933,0,6.300000000000182,3330.5
2025-07-14 13:55:00,2025-07-14 14:20:00,-1,3365.0,3358.0,3372.4,3358.0,tp,7.0,6.75,7.400000000000091,0.912162162162151,5,14.400000000000091,3365.0
2025-07-15 12:55:00,2025-07-15 13:00:00,-1,3359.6,3355.0,3369.8,3355.0,tp,4.599999999999909,4.349999999999909,10.200000000000273,0.4264705882352738,1,14.800000000000182,3359.6
2025-07-17 13:25:00,2025-07-17 14:15:00,-1,3321.3,3315.7,3333.9,3333.9,sl,-12.599999999999909,-12.849999999999909,12.599999999999909,-1.01984126984127,10,18.200000000000273,3321.2
2025-07-24 13:10:00,2025-07-24 13:40:00,-1,3362.8,3357.6,3370.0,3370.0,sl,-7.199999999999818,-7.449999999999818,7.199999999999818,-1.0347222222222232,6,12.400000000000091,3362.8
2025-07-28 13:05:00,2025-07-28 13:25:00,-1,3329.6,3325.7,3334.6,3325.7,tp,3.900000000000091,3.650000000000091,5.0,0.7300000000000182,4,8.900000000000091,3329.6
2025-07-29 13:15:00,2025-07-29 13:15:00,1,3318.8,3321.2,3315.4,3321.2,tp,2.399999999999636,2.149999999999636,3.400000000000091,0.6323529411763467,0,5.799999999999727,3318.8
2025-07-31 13:00:00,2025-07-31 13:40:00,1,3360.4,3364.1,3356.6,3356.6,sl,-3.800000000000182,-4.050000000000182,3.800000000000182,-1.0657894736842073,8,7.5,3360.4
2025-08-12 13:00:00,2025-08-12 13:45:00,1,3397.8,3406.5,3386.6,3406.5,tp,8.699999999999818,8.449999999999818,11.200000000000273,0.7544642857142511,9,19.90000000000009,3397.9
2025-08-19 13:40:00,2025-08-19 13:50:00,-1,3380.5,3379.0,3384.7,3379.0,tp,1.5,1.25,4.199999999999818,0.2976190476190605,2,5.699999999999818,3380.7
2025-08-20 13:30:00,2025-08-20 13:30:00,1,3384.4,3385.9,3379.0,3385.9,tp,1.5,1.25,5.400000000000091,0.23148148148147757,0,6.900000000000091,3384.2
2025-08-25 13:40:00,2025-08-25 13:50:00,-1,3412.6,3409.5,3415.7,3415.7,sl,-3.099999999999909,-3.349999999999909,3.099999999999909,-1.080645161290325,2,6.199999999999818,3412.5
2025-08-27 13:00:00,2025-08-27 13:05:00,1,3429.8,3431.8,3426.2,3431.8,tp,2.0,1.75,3.600000000000364,0.486111111111062,1,5.600000000000364,3429.7
2025-09-03 12:55:00,2025-09-03 12:55:00,1,3614.0,3615.9,3607.3,3615.9,tp,1.900000000000091,1.650000000000091,6.699999999999818,0.24626865671643816,0,8.599999999999909,3614.1
2025-09-04 13:15:00,2025-09-04 13:15:00,1,3605.9,3609.3,3600.3,3609.3,tp,3.400000000000091,3.150000000000091,5.599999999999909,0.5625000000000254,0,9.0,3605.9
2025-09-09 12:55:00,2025-09-09 13:00:00,-1,3686.7,3682.4,3692.5,3692.5,sl,-5.800000000000182,-6.050000000000182,5.800000000000182,-1.0431034482758608,1,10.099999999999909,3686.7
2025-09-11 12:55:00,2025-09-11 18:00:00,1,3668.9,3682.0,3651.0,3673.0,time,4.099999999999909,3.849999999999909,17.90000000000009,0.2150837988826754,61,31.0,3668.8
2025-09-17 13:10:00,2025-09-17 13:10:00,1,3711.4,3712.6,3705.0,3712.6,tp,1.199999999999818,0.9499999999998181,6.400000000000091,0.14843749999996947,0,7.599999999999909,3711.3
2025-09-22 13:45:00,2025-09-22 13:50:00,1,3751.5,3753.8,3746.0,3753.8,tp,2.300000000000182,2.050000000000182,5.5,0.3727272727273058,1,7.800000000000182,3751.3
2025-09-23 13:25:00,2025-09-23 13:25:00,1,3815.1,3818.4,3810.1,3818.4,tp,3.300000000000182,3.050000000000182,5.0,0.6100000000000364,0,8.300000000000182,3815.2
2025-09-25 13:25:00,2025-09-25 13:35:00,-1,3773.5,3765.2,3787.0,3765.2,tp,8.300000000000182,8.050000000000182,13.5,0.5962962962963098,2,21.800000000000182,3773.7
2025-10-06 13:00:00,2025-10-06 13:40:00,1,3957.8,3964.7,3950.0,3964.7,tp,6.899999999999636,6.649999999999636,7.800000000000182,0.852564102564036,8,14.699999999999818,3957.6
2025-10-07 14:15:00,2025-10-07 14:15:00,1,3994.5,3998.0,3986.6,3998.0,tp,3.5,3.25,7.900000000000091,0.4113924050632864,0,11.400000000000091,3994.7
2025-10-09 13:40:00,2025-10-09 13:40:00,1,4062.4,4067.4,4056.3,4056.3,sl,-6.099999999999909,-6.349999999999909,6.099999999999909,-1.0409836065573776,0,11.099999999999909,4062.3
2025-10-14 13:20:00,2025-10-14 13:25:00,-1,4126.5,4121.6,4148.6,4121.6,tp,4.899999999999636,4.649999999999636,22.100000000000364,0.2104072398189846,1,27.0,4126.7
2025-10-20 13:40:00,2025-10-20 14:20:00,1,4328.0,4341.4,4307.9,4341.4,tp,13.399999999999636,13.149999999999636,20.100000000000364,0.6542288557213631,8,33.5,4328.2
2025-10-21 13:45:00,2025-10-21 13:45:00,-1,4218.5,4217.2,4246.5,4217.2,tp,1.300000000000182,1.050000000000182,28.0,0.03750000000000649,0,29.300000000000182,4218.2
2025-10-22 12:55:00,2025-10-22 12:55:00,-1,4046.3,4042.1,4069.3,4042.1,tp,4.200000000000273,3.950000000000273,23.0,0.17173913043479447,0,27.200000000000273,4046.8
2025-11-03 13:55:00,2025-11-03 14:00:00,1,4028.8,4032.5,4021.8,4032.5,tp,3.699999999999818,3.449999999999818,7.0,0.49285714285711685,1,10.699999999999818,4029.0
2025-11-05 14:50:00,2025-11-05 14:55:00,1,3982.1,3987.6,3976.5,3987.6,tp,5.5,5.25,5.599999999999909,0.9375000000000152,1,11.099999999999909,3982.2
2025-11-06 13:55:00,2025-11-06 14:00:00,1,4022.7,4025.5,4019.6,4019.6,sl,-3.099999999999909,-3.349999999999909,3.099999999999909,-1.080645161290325,1,5.900000000000091,4022.6
2025-11-13 13:55:00,2025-11-13 14:05:00,1,4236.5,4242.6,4224.5,4224.5,sl,-12.0,-12.25,12.0,-1.0208333333333333,2,18.100000000000364,4236.2
2025-11-17 14:40:00,2025-11-17 15:05:00,-1,4076.0,4065.8,4088.7,4065.8,tp,10.199999999999818,9.949999999999818,12.699999999999818,0.7834645669291308,5,22.899999999999636,4076.1
2025-11-18 15:05:00,2025-11-18 15:30:00,1,4059.7,4069.2,4041.4,4069.2,tp,9.5,9.25,18.299999999999727,0.5054644808743245,5,27.799999999999727,4060.0
2025-11-25 14:00:00,2025-11-25 14:25:00,1,4144.1,4148.3,4134.6,4134.6,sl,-9.5,-9.75,9.5,-1.0263157894736843,5,13.699999999999818,4144.5
2025-11-26 18:55:00,2025-11-26 19:00:00,-1,4161.5,4149.0,4163.3,4162.1,time,-0.6000000000003638,-0.8500000000003638,1.800000000000182,-0.4722222222223766,1,14.300000000000182,4156.1
2025-11-27 13:55:00,2025-11-27 14:05:00,1,4188.0,4190.9,4183.6,4190.9,tp,2.899999999999636,2.649999999999636,4.399999999999636,0.6022727272726944,2,7.299999999999272,4188.0
2025-12-03 14:10:00,2025-12-03 14:15:00,1,4253.8,4258.2,4247.8,4258.2,tp,4.399999999999636,4.149999999999636,6.0,0.691666666666606,1,10.399999999999636,4254.4
2025-12-08 13:55:00,2025-12-08 13:55:00,-1,4231.5,4229.8,4239.5,4229.8,tp,1.699999999999818,1.449999999999818,8.0,0.18124999999997726,0,9.699999999999818,4231.8
2025-12-09 13:55:00,2025-12-09 14:05:00,1,4230.7,4236.6,4223.8,4223.8,sl,-6.899999999999636,-7.149999999999636,6.899999999999636,-1.036231884057973,2,12.800000000000182,4230.8
2025-12-16 13:55:00,2025-12-16 13:55:00,1,4335.8,4342.4,4324.3,4342.4,tp,6.599999999999454,6.349999999999454,11.5,0.5521739130434308,0,18.099999999999454,4335.3
2025-12-17 13:55:00,2025-12-17 13:55:00,1,4369.4,4374.0,4358.4,4374.0,tp,4.600000000000364,4.350000000000364,11.0,0.39545454545457853,0,15.600000000000364,4369.4
2025-12-18 15:05:00,2025-12-18 15:35:00,1,4365.4,4372.7,4350.5,4372.7,tp,7.300000000000182,7.050000000000182,14.899999999999636,0.4731543624161311,6,22.199999999999818,4365.4
2025-12-22 14:45:00,2025-12-22 14:45:00,1,4458.0,4461.7,4445.9,4461.7,tp,3.699999999999818,3.449999999999818,12.100000000000364,0.28512396694212516,0,15.800000000000182,4457.9
2025-12-30 13:55:00,2025-12-30 14:35:00,1,4402.6,4413.7,4391.2,4391.2,sl,-11.400000000000546,-11.650000000000546,11.400000000000546,-1.0219298245614024,8,22.5,4402.6
2025-12-31 16:10:00,2025-12-31 19:00:00,1,4343.0,4354.0,4325.2,4333.7,time,-9.300000000000182,-9.550000000000182,17.800000000000182,-0.536516853932589,34,28.800000000000182,4343.2
2026-01-06 13:55:00,2026-01-06 14:00:00,1,4475.3,4479.2,4465.7,4479.2,tp,3.899999999999636,3.649999999999636,9.600000000000364,0.380208333333281,1,13.5,4475.1
2026-01-08 14:40:00,2026-01-08 14:40:00,-1,4437.5,4433.7,4444.5,4433.7,tp,3.800000000000182,3.550000000000182,7.0,0.5071428571428831,0,10.800000000000182,4438.2
2026-01-12 16:45:00,2026-01-12 16:45:00,1,4622.6,4625.5,4614.5,4625.5,tp,2.899999999999636,2.649999999999636,8.100000000000364,0.3271604938271009,0,11.0,4622.6
2026-01-13 14:00:00,2026-01-13 14:20:00,1,4619.5,4629.3,4608.2,4629.3,tp,9.800000000000182,9.550000000000182,11.300000000000182,0.8451327433628344,4,21.100000000000364,4619.5
2026-01-14 13:55:00,2026-01-14 14:00:00,1,4643.4,4645.3,4631.3,4645.3,tp,1.9000000000005457,1.6500000000005457,12.099999999999454,0.13636363636368762,1,14.0,4643.3
2026-01-19 14:35:00,2026-01-19 14:35:00,-1,4672.4,4671.3,4678.8,4671.3,tp,1.0999999999994543,0.8499999999994543,6.400000000000546,0.1328124999999034,0,7.5,4672.4
2026-01-20 15:30:00,2026-01-20 15:30:00,1,4728.4,4736.6,4720.0,4736.6,tp,8.200000000000728,7.950000000000728,8.399999999999636,0.9464285714286991,0,16.600000000000364,4728.6
2026-01-21 13:55:00,2026-01-21 13:55:00,1,4880.0,4882.1,4864.1,4882.1,tp,2.100000000000364,1.8500000000003638,15.899999999999636,0.11635220125788717,0,18.0,4880.2
2026-01-26 14:10:00,2026-01-26 14:20:00,1,5065.5,5074.3,5052.0,5074.3,tp,8.800000000000182,8.550000000000182,13.5,0.6333333333333468,2,22.300000000000182,5066.0
2026-01-27 13:55:00,2026-01-27 14:00:00,1,5077.1,5086.0,5065.8,5065.8,sl,-11.300000000000182,-11.550000000000182,11.300000000000182,-1.0221238938053094,1,20.199999999999818,5077.2
2026-01-29 13:55:00,2026-01-29 14:05:00,1,5508.3,5520.8,5493.0,5520.8,tp,12.5,12.25,15.300000000000182,0.8006535947712323,2,27.800000000000182,5512.1
2026-02-02 13:55:00,2026-02-02 14:30:00,1,4742.4,4784.9,4692.1,4784.9,tp,42.5,42.25,50.29999999999927,0.8399602385686006,7,92.79999999999927,4743.4
2026-02-04 14:15:00,2026-02-04 14:25:00,1,5071.5,5082.0,5056.0,5056.0,sl,-15.5,-15.75,15.5,-1.0161290322580645,2,26.0,5071.1
2026-02-05 13:55:00,2026-02-05 14:00:00,-1,4864.6,4842.6,4893.1,4842.6,tp,22.0,21.75,28.5,0.7631578947368421,1,50.5,4865.6
2026-02-12 14:10:00,2026-02-12 14:15:00,1,5098.3,5104.5,5082.5,5082.5,sl,-15.800000000000182,-16.050000000000182,15.800000000000182,-1.0158227848101264,1,22.0,5097.6
2026-02-16 13:55:00,2026-02-16 14:35:00,-1,5015.1,5009.8,5022.8,5009.8,tp,5.300000000000182,5.050000000000182,7.699999999999818,0.655844155844195,8,13.0,5015.0
2026-02-17 13:55:00,2026-02-17 13:55:00,-1,4935.0,4926.8,4944.7,4926.8,tp,8.199999999999818,7.949999999999818,9.699999999999818,0.819587628865976,0,17.899999999999636,4935.6
2026-02-19 14:40:00,2026-02-19 14:45:00,1,5004.6,5017.4,4990.1,5017.4,tp,12.799999999999272,12.549999999999272,14.5,0.8655172413792601,1,27.299999999999272,5004.2
2026-02-23 13:55:00,2026-02-23 14:00:00,-1,5169.6,5164.1,5177.1,5164.1,tp,5.5,5.25,7.5,0.7,1,13.0,5169.7
2026-02-24 15:30:00,2026-02-24 17:15:00,-1,5156.1,5142.1,5177.4,5177.4,sl,-21.299999999999272,-21.549999999999272,21.299999999999272,-1.0117370892018784,21,35.29999999999927,5156.4
2026-02-26 14:00:00,2026-02-26 14:00:00,-1,5182.2,5180.2,5195.2,5180.2,tp,2.0,1.75,13.0,0.1346153846153846,0,15.0,5182.3
2026-03-03 14:00:00,2026-03-03 14:20:00,-1,5166.9,5137.2,5197.6,5137.2,tp,29.699999999999818,29.449999999999818,30.700000000000728,0.9592833876221212,4,60.400000000000546,5166.5
2026-03-11 14:45:00,2026-03-11 15:15:00,-1,5190.6,5175.7,5207.5,5175.7,tp,14.900000000000546,14.650000000000546,16.899999999999636,0.8668639053254947,6,31.800000000000182,5191.0
2026-03-17 13:05:00,2026-03-17 13:30:00,-1,5021.5,5014.9,5029.0,5029.0,sl,-7.5,-7.75,7.5,-1.0333333333333334,5,14.100000000000364,5021.5
2026-03-18 12:55:00,2026-03-18 13:00:00,-1,4890.5,4875.7,4911.6,4875.7,tp,14.800000000000182,14.550000000000182,21.100000000000364,0.6895734597156365,1,35.900000000000546,4890.1
2026-03-19 12:55:00,2026-03-19 13:00:00,-1,4576.3,4533.1,4623.5,4533.1,tp,43.19999999999982,42.94999999999982,47.19999999999982,0.9099576271186437,1,90.39999999999964,4575.6
2026-03-23 13:25:00,2026-03-23 13:50:00,1,4421.0,4465.5,4375.5,4465.5,tp,44.5,44.25,45.5,0.9725274725274725,5,90.0,4421.3
2026-03-24 17:10:00,2026-03-24 18:00:00,-1,4392.7,4361.7,4425.4,4388.3,time,4.399999999999636,4.149999999999636,32.69999999999982,0.12691131498469907,10,63.69999999999982,4392.7
2026-03-26 13:05:00,2026-03-26 13:10:00,-1,4434.9,4429.6,4442.5,4442.5,sl,-7.600000000000364,-7.850000000000364,7.600000000000364,-1.0328947368421038,1,12.899999999999636,4435.1
2026-04-02 12:55:00,2026-04-02 12:55:00,-1,4646.6,4638.2,4656.5,4638.2,tp,8.400000000000546,8.150000000000546,9.899999999999636,0.8232323232324086,0,18.300000000000182,4646.6
2026-04-06 13:25:00,2026-04-06 13:55:00,1,4697.8,4707.1,4685.6,4707.1,tp,9.300000000000182,9.050000000000182,12.199999999999818,0.7418032786885506,6,21.5,4697.8
2026-04-07 13:00:00,2026-04-07 13:30:00,-1,4676.2,4672.4,4696.3,4672.4,tp,3.800000000000182,3.550000000000182,20.100000000000364,0.17661691542289143,6,23.900000000000546,4676.1
2026-04-09 12:55:00,2026-04-09 13:05:00,1,4766.8,4773.3,4759.6,4773.3,tp,6.5,6.25,7.199999999999818,0.8680555555555775,2,13.699999999999818,4766.7
2026-04-13 14:25:00,2026-04-13 14:40:00,1,4740.1,4744.8,4726.1,4744.8,tp,4.699999999999818,4.449999999999818,14.0,0.31785714285712985,3,18.699999999999818,4740.4
2026-04-14 12:55:00,2026-04-14 13:00:00,-1,4787.1,4784.2,4798.5,4798.5,sl,-11.399999999999636,-11.649999999999636,11.399999999999636,-1.0219298245614041,1,14.300000000000182,4787.0
2026-04-22 13:40:00,2026-04-22 13:45:00,-1,4766.6,4761.1,4779.0,4779.0,sl,-12.399999999999636,-12.649999999999636,12.399999999999636,-1.0201612903225812,1,17.899999999999636,4766.7
2026-04-23 12:55:00,2026-04-23 12:55:00,1,4754.9,4759.9,4745.4,4759.9,tp,5.0,4.75,9.5,0.5,0,14.5,4755.0
2026-04-27 12:55:00,2026-04-27 13:00:00,-1,4718.0,4712.0,4728.0,4712.0,tp,6.0,5.75,10.0,0.575,1,16.0,4718.3
2026-04-29 15:50:00,2026-04-29 15:50:00,-1,4567.2,4563.0,4580.7,4563.0,tp,4.199999999999818,3.949999999999818,13.5,0.29259259259257914,0,17.699999999999818,4567.2
2026-04-30 12:55:00,2026-04-30 12:55:00,1,4647.3,4650.4,4635.0,4650.4,tp,3.0999999999994543,2.8499999999994543,12.300000000000182,0.23170731707312295,0,15.399999999999636,4647.8
2026-05-07 13:25:00,2026-05-07 13:30:00,1,4754.4,4762.5,4741.7,4762.5,tp,8.100000000000364,7.850000000000364,12.699999999999818,0.61811023622051,1,20.800000000000182,4754.5
2026-05-13 12:55:00,2026-05-13 13:20:00,-1,4688.0,4682.0,4700.6,4700.6,sl,-12.600000000000364,-12.850000000000364,12.600000000000364,-1.0198412698412693,5,18.600000000000364,4688.5
2026-05-14 12:55:00,2026-05-14 13:00:00,1,4710.3,4716.9,4702.6,4702.6,sl,-7.699999999999818,-7.949999999999818,7.699999999999818,-1.0324675324675332,1,14.299999999999272,4710.4
2026-05-18 14:10:00,2026-05-18 14:35:00,1,4571.1,4579.4,4548.8,4548.8,sl,-22.300000000000182,-22.550000000000182,22.300000000000182,-1.0112107623318385,5,30.599999999999454,4571.1
2026-05-19 12:55:00,2026-05-19 13:00:00,-1,4544.4,4539.0,4550.9,4539.0,tp,5.399999999999636,5.149999999999636,6.5,0.7923076923076363,1,11.899999999999636,4544.6
2026-05-21 12:55:00,2026-05-21 12:55:00,-1,4509.1,4503.3,4519.1,4503.3,tp,5.800000000000182,5.550000000000182,10.0,0.5550000000000181,0,15.800000000000182,4509.2
2026-05-25 13:20:00,2026-05-25 14:20:00,1,4563.8,4572.0,4554.4,4572.0,tp,8.199999999999818,7.949999999999818,9.400000000000546,0.8457446808509954,12,17.600000000000364,4563.7
2026-05-27 14:15:00,2026-05-27 14:25:00,-1,4446.6,4439.9,4463.4,4439.9,tp,6.700000000000728,6.450000000000728,16.799999999999272,0.38392857142863135,2,23.5,4446.0
2026-06-04 13:55:00,2026-06-04 14:05:00,1,4526.2,4532.8,4519.7,4519.7,sl,-6.5,-6.75,6.5,-1.0384615384615385,2,13.100000000000364,4526.4
2026-06-10 12:55:00,2026-06-10 13:40:00,-1,4174.5,4152.0,4197.3,4197.3,sl,-22.800000000000182,-23.050000000000182,22.800000000000182,-1.0109649122807016,9,45.30000000000018,4174.6
2026-06-11 13:40:00,2026-06-11 13:45:00,1,4093.2,4102.1,4078.0,4102.1,tp,8.900000000000546,8.650000000000546,15.199999999999818,0.5690789473684638,1,24.100000000000364,4093.6
2026-06-15 16:55:00,2026-06-15 17:35:00,1,4359.1,4368.3,4345.6,4345.6,sl,-13.5,-13.75,13.5,-1.0185185185185186,8,22.699999999999818,4358.9
2026-06-16 16:15:00,2026-06-16 17:10:00,1,4367.0,4372.2,4358.2,4358.2,sl,-8.800000000000182,-9.050000000000182,8.800000000000182,-1.0284090909090904,11,14.0,4366.7
2026-06-17 13:05:00,2026-06-17 13:20:00,1,4350.2,4354.4,4342.0,4354.4,tp,4.199999999999818,3.949999999999818,8.199999999999818,0.4817073170731592,3,12.399999999999636,4349.4
2026-06-18 14:05:00,2026-06-18 14:05:00,-1,4266.5,4259.7,4288.6,4259.7,tp,6.800000000000182,6.550000000000182,22.100000000000364,0.2963800904977409,0,28.900000000000546,4266.8
2026-06-24 14:15:00,2026-06-24 15:00:00,-1,4037.2,4018.8,4057.6,4018.8,tp,18.399999999999636,18.149999999999636,20.40000000000009,0.8897058823529194,9,38.79999999999973,4036.9
2026-07-02 16:40:00,2026-07-02 18:00:00,1,4123.2,4154.2,4074.2,4119.7,time,-3.5,-3.75,49.0,-0.07653061224489796,16,80.0,4123.1
2026-07-06 13:15:00,2026-07-06 14:40:00,-1,4153.4,4143.3,4169.8,4143.3,tp,10.099999999999454,9.849999999999454,16.400000000000546,0.6006097560975077,17,26.5,4153.6
2026-07-07 12:55:00,2026-07-07 12:55:00,1,4178.7,4182.3,4173.2,4182.3,tp,3.600000000000364,3.350000000000364,5.5,0.6090909090909752,0,9.100000000000364,4178.6
2026-07-15 17:35:00,2026-07-15 17:45:00,1,4061.4,4073.0,4043.5,4073.0,tp,11.599999999999909,11.349999999999909,17.90000000000009,0.6340782122904944,2,29.5,4061.7
2026-07-16 15:30:00,2026-07-16 16:05:00,-1,4015.8,4003.3,4034.5,4003.3,tp,12.5,12.25,18.699999999999818,0.6550802139037497,7,31.199999999999818,4015.5
2026-07-20 12:55:00,2026-07-20 13:40:00,-1,4013.5,4010.1,4019.8,4019.8,sl,-6.300000000000182,-6.550000000000182,6.300000000000182,-1.0396825396825384,9,9.700000000000273,4012.9
2026-07-27 12:55:00,2026-07-27 12:55:00,-1,4084.5,4083.1,4091.1,4083.1,tp,1.400000000000091,1.150000000000091,6.599999999999909,0.17424242424244044,0,8.0,4084.7
2026-08-03 13:00:00,2026-08-03 13:00:00,-1,4103.6,4098.1,4110.0,4098.1,tp,5.5,5.25,6.399999999999636,0.8203125000000466,0,11.899999999999636,4103.4
2026-08-06 13:40:00,2026-08-06 13:40:00,-1,4317.4,4313.4,4330.1,4330.1,sl,-12.700000000000728,-12.950000000000728,12.700000000000728,-1.0196850393700776,0,16.700000000000728,4317.2
2026-08-11 12:55:00,2026-08-11 13:10:00,-1,4452.0,4446.2,4458.8,4458.8,sl,-6.800000000000182,-7.050000000000182,6.800000000000182,-1.036764705882352,3,12.600000000000364,4451.7
2026-08-12 13:45:00,2026-08-12 14:20:00,1,4476.4,4498.0,4440.0,4498.0,tp,21.600000000000364,21.350000000000364,36.399999999999636,0.5865384615384774,7,58.0,4475.8
2026-08-17 13:05:00,2026-08-17 13:50:00,-1,4441.1,4433.4,4455.4,4455.4,sl,-14.299999999999272,-14.549999999999272,14.299999999999272,-1.0174825174825184,9,22.0,4440.8
2026-08-18 12:55:00,2026-08-18 12:55:00,-1,4449.7,4447.4,4457.3,4447.4,tp,2.300000000000182,2.050000000000182,7.600000000000364,0.26973684210527415,0,9.900000000000546,4449.7
2026-08-24 14:20:00,2026-08-24 14:20:00,1,4722.6,4726.9,4702.0,4726.9,tp,4.299999999999272,4.049999999999272,20.600000000000364,0.19660194174753404,0,24.899999999999636,4722.2
2026-08-26 12:55:00,2026-08-26 13:00:00,-1,4671.3,4666.9,4690.0,4666.9,tp,4.400000000000546,4.150000000000546,18.699999999999818,0.2219251336898709,1,23.100000000000364,4671.6
2026-08-27 13:30:00,2026-08-27 13:30:00,-1,4643.0,4636.5,4654.1,4636.5,tp,6.5,6.25,11.100000000000364,0.5630630630630447,0,17.600000000000364,4643.1
2026-08-31 13:15:00,2026-08-31 13:40:00,-1,4497.1,4486.6,4508.1,4486.6,tp,10.5,10.25,11.0,0.9318181818181818,5,21.5,4497.0
2026-09-01 12:55:00,2026-09-01 13:00:00,-1,4411.4,4400.4,4424.9,4400.4,tp,11.0,10.75,13.5,0.7962962962962963,1,24.5,4411.8
2026-09-03 13:55:00,2026-09-03 14:55:00,1,4510.4,4527.4,4484.1,4527.4,tp,17.0,16.75,26.299999999999272,0.6368821292775841,12,43.29999999999927,4510.5
2026-09-09 16:10:00,2026-09-09 16:25:00,1,4440.2,4444.7,4435.2,4444.7,tp,4.5,4.25,5.0,0.85,3,9.5,4440.3
2026-09-10 12:55:00,2026-09-10 13:40:00,-1,4384.7,4365.4,4415.6,4415.6,sl,-30.900000000000546,-31.150000000000546,30.900000000000546,-1.0080906148867312,9,50.20000000000073,4385.1
2026-09-14 14:20:00,2026-09-14 14:20:00,-1,4316.0,4313.0,4330.6,4313.0,tp,3.0,2.75,14.600000000000364,0.18835616438355696,0,17.600000000000364,4316.4
2026-09-15 14:35:00,2026-09-15 15:50:00,1,4323.8,4331.1,4311.0,4331.1,tp,7.300000000000182,7.050000000000182,12.800000000000182,0.5507812500000063,15,20.100000000000364,4323.9
2026-09-16 13:45:00,2026-09-16 14:00:00,1,4381.8,4388.1,4375.0,4375.0,sl,-6.800000000000182,-7.050000000000182,6.800000000000182,-1.036764705882352,3,13.100000000000364,4381.7
2026-09-17 12:55:00,2026-09-17 13:40:00,1,4414.5,4423.3,4399.4,4399.4,sl,-15.100000000000364,-15.350000000000364,15.100000000000364,-1.016556291390728,9,23.900000000000546,4414.5
2026-09-21 12:55:00,2026-09-21 13:25:00,-1,4394.4,4388.7,4405.7,4405.7,sl,-11.300000000000182,-11.550000000000182,11.300000000000182,-1.0221238938053094,6,17.0,4394.6
2026-09-22 12:55:00,2026-09-22 13:45:00,1,4372.3,4381.4,4362.1,4381.4,tp,9.099999999999454,8.849999999999454,10.199999999999818,0.8676470588234914,10,19.299999999999272,4372.5
2026-09-23 13:05:00,2026-09-23 13:05:00,-1,4342.2,4338.5,4351.5,4338.5,tp,3.699999999999818,3.449999999999818,9.300000000000182,0.37096774193545706,0,13.0,4342.3
