date,side,why,net,risk,R
2022-07-21,1,tp,5.149999999999864,5.399999999999864,0.9537037037037025
2022-07-28,1,tp,4.150000000000091,4.400000000000091,0.9431818181818193
2022-08-10,1,time,-4.649999999999864,9.5,-0.48947368421051196
2022-09-22,1,sl,-6.5499999999999545,6.2999999999999545,-1.03968253968254
2022-10-13,-1,time,-12.850000000000136,15.0,-0.8566666666666758
2023-01-12,1,time,13.549999999999955,14.400000000000091,0.9409722222222131
2023-01-18,1,sl,-4.4500000000000455,4.2000000000000455,-1.0595238095238089
2023-02-14,1,sl,-11.349999999999909,11.099999999999909,-1.0225225225225227
2023-02-16,-1,sl,-4.4500000000000455,4.2000000000000455,-1.0595238095238089
2023-03-13,1,tp,3.849999999999909,4.099999999999909,0.939024390243901
2023-03-14,1,sl,-6.649999999999864,6.399999999999864,-1.0390625000000009
2023-03-20,-1,tp,5.650000000000091,5.900000000000091,0.9576271186440685
2023-04-12,1,sl,-8.25,8.0,-1.03125
2023-05-10,1,sl,-11.150000000000091,10.900000000000091,-1.0229357798165135
2023-05-25,-1,time,3.949999999999818,9.899999999999864,0.3989898989898861
2023-07-12,1,tp,7.650000000000091,7.900000000000091,0.9683544303797472
2023-09-28,-1,sl,-2.550000000000182,2.300000000000182,-1.1086956521739044
2023-10-11,1,tp,3.150000000000091,3.400000000000091,0.926470588235296
2023-10-26,-1,tp,5.850000000000136,6.100000000000136,0.9590163934426239
2023-12-12,-1,tp,5.649999999999864,5.899999999999864,0.9576271186440668
2024-01-16,-1,tp,6.649999999999864,6.899999999999864,0.9637681159420283
2024-01-25,1,time,-0.25,9.5,-0.02631578947368421
2024-04-08,1,sl,-5.349999999999909,5.099999999999909,-1.0490196078431382
2024-05-15,1,sl,-12.050000000000182,11.800000000000182,-1.0211864406779658
2024-05-20,-1,sl,-6.450000000000273,6.200000000000273,-1.0403225806451595
2024-06-12,1,tp,9.449999999999818,9.699999999999818,0.9742268041237109
2024-06-13,1,sl,-10.650000000000091,10.400000000000091,-1.0240384615384612
2024-08-05,-1,sl,-9.349999999999909,9.099999999999909,-1.0274725274725278
2024-08-06,-1,tp,7.75,8.0,0.96875
2024-08-15,-1,time,2.549999999999727,9.299999999999727,0.2741935483870755
2024-08-29,-1,sl,-7.050000000000182,6.800000000000182,-1.036764705882352
2024-09-11,-1,time,-1.550000000000182,11.300000000000182,-0.13716814159293425
2024-09-12,1,tp,4.75,5.0,0.95
2024-09-19,-1,tp,4.550000000000182,4.800000000000182,0.9479166666666686
2024-10-07,-1,tp,6.150000000000091,6.400000000000091,0.9609375000000006
2024-11-06,-1,time,4.449999999999818,12.099999999999909,0.36776859504131004
2025-01-06,-1,time,-2.449999999999818,12.599999999999909,-0.1944444444444314
2025-01-20,-1,tp,13.449999999999818,13.699999999999818,0.981751824817518
2025-03-05,-1,sl,-6.649999999999636,6.399999999999636,-1.0390625000000022
2025-04-07,1,sl,-5.550000000000182,5.300000000000182,-1.047169811320753
2025-04-14,-1,tp,12.650000000000091,12.900000000000091,0.9806201550387599
2025-04-22,-1,tp,8.849999999999909,9.099999999999909,0.9725274725274723
2025-07-03,-1,time,2.050000000000182,19.90000000000009,0.1030150753768931
2025-09-11,1,sl,-13.349999999999909,13.099999999999909,-1.019083969465649
2025-09-25,-1,tp,8.050000000000182,8.300000000000182,0.9698795180722898
2025-10-14,-1,tp,4.649999999999636,4.899999999999636,0.9489795918367309
2025-10-20,1,sl,-13.649999999999636,13.399999999999636,-1.018656716417911
2025-10-21,-1,sl,-1.550000000000182,1.300000000000182,-1.1923076923076654
2025-11-18,1,tp,9.25,9.5,0.9736842105263158
2026-02-02,1,tp,42.25,42.5,0.9941176470588236
2026-02-05,-1,tp,21.75,22.0,0.9886363636363636
2026-03-03,-1,tp,29.449999999999818,29.699999999999818,0.9915824915824916
2026-03-19,-1,tp,42.94999999999982,43.19999999999982,0.9942129629629629
2026-03-23,1,tp,44.25,44.5,0.9943820224719101
2026-03-24,-1,time,4.149999999999636,31.0,0.13387096774192375
2026-06-10,-1,sl,-22.75,22.5,-1.011111111111111
2026-06-24,-1,tp,18.149999999999636,18.399999999999636,0.9864130434782606
2026-07-02,1,time,-3.75,31.0,-0.12096774193548387
2026-07-15,1,tp,11.349999999999909,11.599999999999909,0.9784482758620688
2026-07-16,-1,tp,12.25,12.5,0.98
2026-08-12,1,tp,21.350000000000364,21.600000000000364,0.9884259259259262
2026-09-03,1,tp,16.75,17.0,0.9852941176470589
2026-09-10,-1,sl,-19.550000000000182,19.300000000000182,-1.0129533678756475
